name,id
Aaron Brackett,169056606481397
Aaron Gilchrist,99145336302
Aarón Sánchez,106075582777270
ABC13-Christine Dobbyn,149105561803589
ABC13-Dave Ward,469939783076025
ABC13-David Nuno,577962968896719
ABC13-Deborah Wrigley,180835305266016
ABC13-Elissa Rivas,111969115538039
ABC13-Erik Barajas,170554399634675
ABC13-Gina Gaston,149855868396237
ABC13-Ilona Carson,165282483508091
ABC13-Jeff Ehling,134301846626811
ABC13-Kevin Quinn,136195649769157
ABC13-Mayra Moreno,811971338915056
ABC13-Melanie Lawson,193522977330330
ABC13-Patricia Lopez,177870648918855
ABC13-Samica Knight,179686955403530
ABC13-Tom Koch,615345071825611
ABC7 Erin Hawksworth,739165906190088
ABC7 Kidd O'Shea,730032187101180
Abner Euresti KCBD,159055507508063
Abraham-Hicks,215367971923199
Adam Aaro,107976362685282
Adam Clements Local 12 News,177447309095657
Adam Longo TV,152422371453274
Adam Schefter,103603076359009
Adam Slinger,308526477688
Adrianne Bradshaw Live 5 News,302133243316809
Adrienne Alpert,325516370826448
Aiden Leslie,10585731876
Ainsley Earhardt,74395786374
Aiyana Cristal,499383590210177
AJ Ross,233563633401361
AJ Smith,171288751396
Al Conklin,174732209269214
Alan Krashesky ABC7,159577180859078
Alan Lee,170027526353983
Alderman Ameya Pawar,157050574354851
Alex Denis,181496361981983
Alex Guarnaschelli,154163310815
Alex Holley FOX 29,153110221435667
Alex Liggitt,1594729454138404
Alex Wallace,259322238268
Alexandra Bahou,118663448344536
Alexandra Limon FOX 5 DC,423504294501667
Alexandra Wilson,445478968828842
Alexis Smith,255064231299627
Alice Gainer,339397112610
Alicia Barnes,102570793596
Alicia Malone,1136302953048619
Alicia Roman,199002843502359
Alicia Smith,265192076283
Alisha Ebrahimji,827729283950822
Alison Grande,244106802444490
Alison Kent - Mica Stone,128632070585586
Alison Starling,209086245783788
Alissa Henry,1431001740495557
Alissa Reitmeier,384994478195646
Allen West,22067606728
Allie Mac Kay,101592676559400
Allison Latos,1941151582692956
Allison Rodriguez,549615718446985
Allison Rosati,131732280211253
Alyse Eady,206108216079355
Alysha Del Valle,1552589461641275
Alyssa Carson,571963976230324
Alyssa Orange,257164827628244
Amanda Cox FOX 46,209095482543224
Amanda Guerra,155045381271743
Amanda Venegas Abc30 Action News,375116919222325
Amber Jayanth,110815999046108
Amber Lee,554950514532513
Amber O'Brien,224189080956888
Amber Rupinta WTVD,116269145149935
Ambika Anand,19719875916
Amelia Rose Earhart,158131920879331
amy aiello photography,10720871199
Amy Andrews FOX 2,160713977347438
Amy Aubert ABC7 News,292011210912155
Amy Clancy,112493458858673
Amy Freeze,295144330515368
Amy Hawley,212412265585818
Amy Hollyfield,195556077139684
Amy Lutz,399399333452851
Amy Powell,1465896676990850
Amy Robach,575794959185480
Amy Sweezey,521296377997360
Ana Belaval,122167384485168
Ana Cabrera,484176918261401
Anchor Eric Weisfeld,154463907926286
Andre Agassi,201866934318
Andre Hepkins WBAL,133013750111054
Andrea Cambern,262075275847
Andrea Grymes,560968277260495
Andrea Isom,191645190857452
Andrea Robinson FOX 10,148117881896213
Andrea Tantaros,659455690742322
Andrew Buck Michael,387943957898080
Andrew Freiden NBC12,172716696103329
Andrew Freund,192840367395219
Andrew Harrison WJTV,1393887777511112
Andrew Horansky WKYC,371200709582047
Andrew Humphrey,288427285122
Andrew J. Ginther,1571532933060198
Andrew Whitman,365608923514918
Angela Brauer,152957138101359
Angela Chen,1486738384948630
Angela Davis Motivational Coach,1409663249284592
Angela Ganote,144055746963
Angela Kocherga Border Reporter,253063001473717
Angelica Thornton KATU,223649964433340
Angie Martinez,147547972867
Anita Padilla Fox 32 Chicago,266988400111227
Anita Roman Fox 10,200935240049808
Anjelah Johnson,242122133568
Ann Marie LaFlamme,440653956021225
Ann Voskamp,324577877554393
Anna Canzano,135287959882469
Anna Laurel WTVD,322595574508052
Anna Saccone,144056540730
Anna-Lysa Gayle,232020850271150
Anne Elise Parks,453400931460733
Anne Imanuel,157825207562830
Anne McNamara,234858603218534
Anne-Marie Green,69882979131
Annie Sabo,399338763591190
Anthony DiLorenzo,112868912100807
Anthony Flores ABC7,802452449766760
Anthony Ponce,129934403731816
Anthony Yanez,100221636690410
Antoinette Antonio,180596941962804
Antwan Lewis Fox 5 News,511994192179178
April Dovorany,413354972023138
April Simpson TV,172154742797979
Araksya Karapetyan,102700043196979
Ari Shapiro,197797253591509
Arianna Huffington,17893008278
Ariel Plasencia WITN,1470904299889047
Armando Montelongo,59330303988
Art Rascon,102095653211961
Ashlee Baracy,181583985220718
Ashleigh Banfield,134954519756
Ashleigh Barry,142000745833350
Ashleigh Walters,298437363634951
Ashley Batey Meteorologist,170356746364745
Ashley Blackstone ABC News 4,181319875258463
Ashley Dougherty WTAE,330351720432012
Ashley Jones WSVN,454762961275593
Ashley Korslien,107082316138203
Ashley Stroehlein,1463114260592588
Ashley Yore,287398144641294
Ashlie Hardway WTAE,177009019117183
Ashton Altieri,427148524068394
Astrid Martinez,108372442536950
Astronaut Karen Nyberg,583316525026417
"Austin Bowling, 7News",1617167141893143
Autria Godfrey,746186555429156
Awesomely Luvvie,254991125404
Ayana Harry,119621304776397
Barbara Ciara,1529699774013346
Barbara Lash,463972540399084
Barbie Bassett WLBT,110941452293389
Barra Best,130055917169627
Beau Bishop,117966861589434
Becky Ditchfield,110256402366960
Belen De Leon,244803568903438
Belinda Jensen,193479540675136
Ben Aaron,173749015991290
Ben Bailey,196072710415893
Ben Bradley ABC7,594277073920107
Ben Garbarek,156641551143884
Ben Gelber,110764218963946
Ben Hoover abc Columbia,1623469151245647
Ben Shapiro,203805062990264
Ben Williamson WBTV,416176041778672
Bender,303605935472
Benji Travis,226111867461603
Beth Alexander WJTV,151965264825783
Beth Dal Ponte,445497295581292
Betty Nguyen,29632351469
Bianca Castro NBC5,515722121860095
Bianca Rae,252270344800448
Big Budah,83889515347
Bill Anderson FOX 29,1427275130928631
Bill Bellis Fox 32 Chicago,187619477942317
Bill Evans Meteorologist,1591715391041274
Bill Hemmer,222659047833475
Bill Melugin FOX 46,813125898759777
Bill Ritter,1478254085783659
Bill Weir,1618224301743676
Bill Wixey,165784430158234
Bill Zwecker Fox 32 Chicago,377363222369726
Billie Jean Shaw,577410752335145
Billy Gardell,20228115068
Blair Miller FOX25,292438207475
Blake Hanson,237390839644284
Blaze The Trail Cat,124965974370749
Bob Barnard FOX 5 DC,582967798398770
Bob Breck WVUE,765609236836516
Bob DeCastro,594063337398733
Bob Kelly FOX 29,97838745861
Bob Kendrick,390473304300265
Bob Nunnally,101689536540154
Bob Redell,115656228523079
Bob Schieffer,52270875867
Bob Segall,139552956125960
Bobbie Thomas,73099721759
Bobby Jindal,51275855094
Bonnie Bernstein,170302823055385
Bonnie Schneider,127899230573142
Boris Johnson,7972991316
Brad Bell,199749930047098
Brad Edwards,903238476411743
Brad Nitz,1452217798387656
Brad Travis WAFF 48 Meteorologist,116604938372683
Brandon Hamilton - TV,155817384518156
Brandon Herring,484938208227407
Brenda Braxton,136034019806746
Brenda Wood 11Alive,118782991548844
Brené Brown,188471851167932
Brent Bozell,34521916336
Brent Solomon NBC12,71685984449
Brett Anthony,142553545806749
Bri Winkler,265457440329060
Brian Basham FOX 46,410972308984285
Brian Brennan KGW,357517561120986
Brian Curtis NBC5,104632092933488
Brian Kilmeade,71659602710
Brian MacMillan,169857523068679
Brian Mininger,734352336644913
"Brian Shields, WFTV",191672097518867
Brian Shrader WRAL,181967288525785
Brian Thompson NBC NY,126255304147372
Brian van de Graaff,168750610245661
Brianna Keilar,756529604385447
Bridget Shanahan,1590026077898435
Brien Blakely Fox 46,200773859970297
Brien McElhatten - ABC21,441526852552175
Brittany Begley,174223565978870
Brittany Bell 16 WAPT,311742982300622
Brittany Pelletz,118871844888719
Brittney Johnson,174983642519264
Brittney Payton,116600985028013
Brody O'Connell WBTV,168302593364087
Brooke Baldwin,142710795775336
"Brooks Garner, Meteorologist KHOU 11",106620042763719
Brooks Jarosz,245488977431
Bruce Beck,432324130150700
Bruce Katz on WVUE,273089979480314
Bruce Sussman,128320271100
Bryan Norcross,141768219194535
Bryant Somerville,793409494080336
Byron Brown WJTV,100323576698793
Byron Morton KOAT,298799200138461
C.S. Keys Fan Page,262402477154496
Cabot Rea,112978528734984
Caitilin Espinosa,113321678726972
Caitlin Lockerbie Local 24,681889971859010
Caitlin Roth FOX 5 DC,262917623845681
Cameron Fontana,539314996150555
Candace Dold,283563845037987
Candace Evans,118863545470
Candice Smith NBC12,563029343798987
Captain Mark Kelly,163148530407080
Cardinal Cowboy,95030411854
Caribe Devine,322054301313333
Carl Parker,252883164567
Carlos Granda,412019565623434
Carly Flynn Morgan,348391191890728
Carol Costello,172143546163601
Carol Luper,173948106051461
Carol Sbarge,942330355824687
Carole Steinhauser,294297053923768
Caroline Fountain FOX 46,1391087671151983
Caroline Lowe TV,373295472765702
Carolyn Clifford,122290781204798
Carolyn Costello,456828254431739
Carolyn Tyler,184076541633430
Carrie Duncan WLOX Meteorologist,200174206698969
Carrie Lazarus,117278338434983
Cary Allen KCBD,391036984356185
Casey Curry,181113458624104
Cassidy Gard,114380248271
Cassidy Quinn,113069578707615
Cat Greenleaf,244260779021890
Cathy Marshall KGW,278148498970127
CBS 58 Andrew Brovelli,858173374221042
CBS 58 Chief Meteorologist Drew Burgoyne,922913467770513
CBS 58 Jessica Tighe,487250214645077
CBS 58 Marshanna Hester,543988069050166
CBS 58 Sarah Barwacz,260140454159564
CBS Zirinsky,139507922788885
Chad Oliver,248982415180897
Charity Bailey,318237048299794
Charlie Wojciechowski,267135496677884
Charlotte Huffman,206812646046517
Chef Amanda Freitag,91095669775
Chef Andrew Gruel,345163232329127
Cheryl Burton,228293747251736
Cheryl Casone,121224861279504
Cheryl McHenry,216680141741294
Cheryl Richardson,49736404315
Chief Meteorologist Eric Elwell,223377722758
Chief Meteorologist George Flickinger WSET,280905701937479
Chita Craft KHOU,253951957957191
Chris Allen,168976886528
Chris Cimino NBC,293363967362288
Chris Cuomo,1562251090694208
Chris Dunn Weather,301009129943105
Chris Egert,235413546862
Chris Gloninger NBC Boston,560507187347347
Chris Holcomb 11Alive,170763172991572
Chris Hopper,1671293679757655
Chris Hurst Wdbj,480873498602587
Chris Hush,171335616286411
"Chris Justus, Meteorologist",394164827347547
Chris Kane TV,296520353763517
Chris Koeberl,129526643837272
Chris Larson WBTV,124256944342906
Chris Lawrence NBC4,675506625870770
Chris Legeros,750426961674626
Chris May,59787571858
Chris McGinness,128555410494718
Chris Mulcahy,245243255564425
Chris Murphy TV,528550383897246
Chris Powell,187306911863
Chris Stipes Journalist,261567780581027
Chris Van Vliet,146098278806574
Chris Warren,216213441545
Christi Brooks,170274303169832
Christi Paul,111363069470
Christina Loren,209721752381473
Christina Palladino WISN 12 News,285168971526514
Christina Park,937369116313122
Christina Pascucci,333354813439875
Christina Salvo,808290355918144
Christine Jones,644670568877133
Christine Pitawanich/KGW,160692310666926
Christine Romans,111418082214705
Christopher Heath WFTV,612100738810307
Christopher Sign ABC 15,168372999850740
Chuck Bell,202161103134917
Chuck Goudie ABC7 ITeam,362551520502243
Cindy Hsu TV,1092505977448153
CJ Nitkowski,22964387029
Claire Kellett KMOV,168457636499199
Clarice Tinsley,211204418905713
Clay Hall,367239509953930
Clay Miller NBC2,189986894385210
Clayton Morris,313600113199
Clothes Encounters,181227178573738
Coach LaMonte,131383613601741
Coco Dominguez,630188523705419
Cody Alcorn,279638533192
Coleen Harry WBTV,451178521572119
Coleen Sullivan,261236960742749
Congressional Black Caucus,67183426065
Congressman Darrell E. Issa,131352838109
Congressman Jason Chaffetz,390419731073316
Congressman Trent Franks,209486545087
"Connie Colla, Realtor, TV Host",147536615279669
Contessa Brewer,58095132547
Cooking With The Carrs,185354841796295
Corey McPherrin Fox 32 Chicago,576370459051394
Cortney Hall,754467741314327
Cortney Hicks Fan Page,140357132660653
Cory Marshall,119314614790209
Cory McCloskey FOX 10,179749398814337
Councilmember Michael Stinziano,132147116833292
Courtney Fischer,113953068704123
Courtney Gilmore NBC5,124339694246676
Courtney Robinson,200469926674190
Courtney Yuen,483813578495744
Courtny Gerrish,231133724406
Coyote Peterson,121964901212526
Craig Lucie,195597784904
Craig Melvin,1430063890555064
Craig Setzer Meteorologist,146331668770396
Craig Stevens,308305295878903
Craig Treadway,131879450236240
Craig Wall Fox 32 Chicago,166063300234763
Crystal Egger,152813984736352
Curt Sandoval,357595377739458
Cynné Simpson,102779989807842
Cynthia Newsome,115140261953732
Dahna Chandler—A Strategic Content Writer with a Journalism Background,245485185483102
Dallas Raines,269293243254435
Damali Keith FOX 26,223009664453434
Dan Harris,209311282465185
Dan Hellie,179122125464926
Dan Lewis News,184022024942952
Dan Pearlman,387246168097589
Dan Ponce,1376308412659180
Dan Tilkin KOIN,106625356158121
Dana Jay FOX 35,318916264917137
Dane Placko Fox 32 Chicago,309804795818961
Danella Sealock,198072116896932
Dani Stewart,208348899185009
Daniel Gotera KHOU,234308296589919
Daniel Graves WDSU,618279638241645
Daniella Guzman,264020140346999
Danielle Banks,188123847901726
Danielle Breezy,192240947507771
Danielle Elias,121762414532586
Danielle Koleniak NBC2,348779308535503
Danielle Lerner,300039506733526
Danner Evans - WSET,196789273715433
Danny Romero,402183316628362
Darby Douglas KHOU,1445778259006444
Dari Alexander,154054154640126
Darla Miles,214840671869210
Darrell Issa,19463427992
Darsha Philips,1726249730934330
Dave Holmes 10TV,751518861620132
Dave Huddleston,73282863973
Dave Kinchen FOX 29,195473393932393
Dave Kunz,254109458119257
Dave Rexroth,174823969242696
Dave Salesky KATU,173991099319523
David Bach,59000888437
David Culver,115969548565754
David Earl KETV,421702701208237
David Finfrock NBC5,172212282917886
David Ham,536569623132590
David Kaplan WTAE,109233595918329
David Mazza,156314034514947
David Murphy,107388807520
David Novarro,259837597401331
David Ono,311289279073732
David Paul KHOU,213139635397807
David Schneider My NBC5,1596201997288176
David Schweikert,157652584384932
"David Sentendrey, FOX 46",1437336429814171
David Spunt News,142822749188595
David Whisenant WBTV,152546001533018
David Wilkinson 11Alive,333095463376153
David Zyla: Color Your Style,80397386404
Dawn Hasbrouck,10150094421075013
Dayna Devon,425707784132476
"Dean Ornish, MD",131659478210
Dean Richards WGN,132892692477
Debora Knapp-katu,380697955344089
Deborah Ferguson NBC5,271356662901882
Deborah Horne,526696717457856
Deborah Kafoury,213351258838764
Deborah Takahara,217624058260935
Debra Alfarone,134059333295938
Debra Denise,550401311780224
Deena Centofanti,111993302198518
Delia Goncalves,498663393488329
Demetrius Ivory,480629522028206
Denise Dador,303180306509101
Dennis Bounds,400316696690675
Dennis House,113467232042528
Dennis Welsh Fox 32,523743984356586
Derek Kevra Fox 2,220844888095581
Derek McGinty,156533391047271
Derick Waller,271904936252549
Derrick Ward,201402919878144
Derwin L. Gray,117534411600257
Devin Bartolotta,358376824298575
Devin Scillian,115563658471844
Diana Williams,604563753002744
Diane Henderiks,159850718087
Diane Macedo,172531309428293
Diane Pathieu ABC7,166067533555367
Dianna Russini,320210848004207
Dina Bair,117835768278912
Dion Lim,146674682074805
Dontaye Carter 11Alive,679834225491651
Dottie Herman,538847239464281
Doug Delony KHOU,489946731031807
Doug Hill,107622499269206
Dr. Christiane Northrup,118912795028
Dr. Ernie Ward,124497490245
Dr. Greg Forbes,274894418200
Dr. Jim Siebert FOX 26 News,285097891543373
Dr. Lucy Jones,21665105761
Drew Carney (KGW-TV),169402189792369
Dustin Bonk,1396056937303223
Edythe Kirchmaier,470084376372759
Eileen Frere,712472845484080
Eileen Park,329959443761346
Eileen Whelan,155935567818105
Elex Michaelson,346569862158312
Elita Loresca,413158342202274
Elizabeth Matthews Fox 32 Chicago,1439521809688769
Elizabeth Noreika,300580126663409
Elizabeth Vargas,12015811042
Ellen Leyva,1454605871467274
Ellen Tailor,103537399703604
Elliot Abrams Fan Page,129327220459771
Elsa Ramon,157546081049209
Elyce Kirchner,175153509206447
Elyse Coulter,354328237934412
Emily Akin Fox 26,401374893240473
Emily Dishnow,197938456897228
Emily Rau,263978673710570
Emily Sinovic,206744896066013
Emma Jade 12 News,764978816914005
Eric Burris - Meteorologist,225578757456655
Eric Fisher,134177636620765
Eric Halperin- WOWK 13 News,893972033982925
Eric Horng ABC7,554686124542063
Eric Johnson KOMO,138262566235278
Eric Perkins,191754220868676
Eric T. Tung,882448358501371
Erica Rico,466376503394933
Erick Weber,312446829961
Erik Elken,247170115485037
Erik Tyger KPLC,1449181105367423
Erika Ferrando THV11,329918613828459
Erika Tarantal,335571389870495
Erin Carroll,520584011407984
Erin Clanahan Action News Jax,256230804501683
Erin Coleman,213170342061691
Erin Ivory,215549305137601
Erin Moriarty CBS News,124430920921629
Erin Myers,1624847814448140
Erin Pickens - 16 WAPT,151519774868253
Erin Yost,104573672926367
Ernie Anastos Fox 5,150454461686323
Essex Porter,506978609402712
Eun Yang,181212421920897
Evan Anderson,429707323750302
Evan Fitzgerald Fox 32 Chicago,222100737599
Evan Kruegel CBS58,473548362744504
Evelyn Holmes ABC7,138903722939794
Evelyn Taft,1561477874078417
Face The State with Scott Light,1489609984689779
Farnoosh Torabi,372708786092940
Father Michael Pfleger,85050634406
Felicia Lawrence FOX 46,724197594261669
First Lady Chirlane McCray,1394539157425140
Foodbeast,171981399280
Foodgasmguy,107607952614084
FOX 13's Anjuli Davis,471635112855153
FOX 13's Evan Axelbank,197171053812003
FOX 13's Haley Hinds,755342037847472
FOX 13's Scott Smith,340353136070025
FOX 13's Shayla Reaves,142785185762379
FOX 13's Vanessa Ruffes,705947909441406
Fox 26 Meteorologist Mike Iscovitz,60445186541
FOX 9 Chief Meteorologist Ian Leonard,116665895324
FOX23 Chief Meteorologist James Aydelott,108712452487793
FOX23 Meteorologist Ben Walnick,440653049367759
FOX23 Michael Seger,328216047207514
Frank Ski,110190352472
Franklin Graham,131201286936061
Fred Blankenship,105617246169759
Fred Shropshire WCNC,1611316649131174
Fredricka Whitfield CNN,59742389361
Gabe Pressman,219296474785542
Gabe Spiegel Fox 8 News Cleveland,549874065034906
Gabriel Arana,123073547780886
Gail Simmons,108582355827901
Garrett Bedenbaugh,208005689314598
Garrett Haake,709306549095195
Garrett Lewis,288279856331
Gary Ellerson,557415927720841
Gary Horcher,878945468801391
Gary Lezak,165910953435176
Gary Mcgrady Meteorologist FOX 5 DC,290020731127692
Gaynor Hall,1448039512084401
Geoffrey Zakarian,190911137630527
"George Kiriyama, Broadcast Journalist",170585482998021
George Levesque - KTXS,130814310324148
George Pennacchio,314678318722826
George Smith Fox 32 Chicago,872525969529095
Georgette Miller,381011068599437
Gerri Willis,117857438228132
Gianna Caserta,480827678653442
Gigi Stone Woods,1464468043842453
Gina Bullard,503836276357658
Ginger Zee,99902068636
Gino Salomone Critic,190326854396890
Gino Vicci,120265041454545
Gio And Jones,820884541307797
Gio Benitez,1010196695664107
Glenda Lewis,136318353112415
Glenda Lewis,136318353112415
Glenn Burns,233470906830181
Glenn McEntyre,67325804947
Glennon Doyle Melton,178909129709
Gordon Gee,51408506710
Governor Andrew Cuomo,177009292330292
Governor Bruce Rauner,313710615502068
Governor Chris Christie,493471480388
Governor Doug Ducey,407182479403663
Governor Rick Snyder,93955318358
Graham Elliot,1444697135775134
Graham Johnson,656156001128632
Grant Gilmore,165052927978
Grant Paulsen,894110544017151
Greg Adaline,1572694189667397
Greg Dutra,119157924838194
Greg Groogan FOX 26,297308263652027
Greg Hurst KHOU,133622966720504
Greg Kelly,215773458434020
Greg Lee,781791601842941
Greg Warmoth WFTV,667659816590532
Gregg Hersholt KOMO,261405103972109
Gretchen Carlson,89827970972
Gretchen Rubin,41949341743
Guy Gordon Local 4 Fan Page,143786742321346
Guy Lambert,1501009780113144
Gwen Tolbart FOX 5 DC,140015032831220
Hala Gorani,141959119153718
Haley Clawson KESQ,488253994712633
Hallie Jackson,251945071498876
Hannah Olsen,328172083932373
Harris County Sheriff's Office,225869087548
Harris Faulkner,122588823452
Harrison Hove,124678737589825
Harvey Leonard WCVB,932077783509346
Heather Abraham,183743251670475
Heather Catallo,105723589509341
Heather Hegedus FOX25,1593696070895565
Heather Holmes KTVU,112002205663037
Heather O'Rourke Traffic,271273762939816
Heather Sullivan NBC12,222777911070890
Heidi Murkoff,170644966331195
Henry Rosoff,187493154666994
Hilary Kennedy,8950207863
Hillary Mintz-WISN,122772274462647
Hollie Giangreco,390752640460
Holly Morris FOX 5 DC,530250447006164
Holly Rilinger Fitness,370027375519
Howard Bernstein,847677985316662
Hubert Keller,113284238736570
Huel Perkins,100225546721287
Ian Cull,455799834434178
Ida Siegal,1444318252482787
IGDC,214243618949236
Indra Petersons,194209074004954
Intern John Radio,284195958264977
Iris Hermosillo-ABC15,145421635604977
Iron Chef Morimoto,119012561486732
Ivory Hecker,509093179177898
J-P Dice WBRC,178700812578
Jace Larson,160241434011525
Jack Diamond Show,169992582829
Jackie De Tore,422405921131734
Jackie Johnson,110734742273585
Jacqueline Crea KHOU,288856814572380
Jacqueline Quynh Reporter,1583029335263503
Jacqui Jeras,1527541994177433
Jade Hernandez,831611283600343
Jake Tapper,16359274561
James Ford,125263363302
James Gregory: Funniest Man in America,137865936279745
James Rider,221000718038975
James Spann,65676345841
Jamie Boll WBTV,213396455364071
Jamie Holmes WFTV,454494601317514
Jamie Kaler,65097137216
Jamie Sullivan,740334399407260
Jamie Tompkins,226285350721039
"Jamie Wilson, FOX 12 Oregon",107141802654156
Jan Jeffcoat,104864277190
Janai Norman,308682565927057
Jane Pauley,337031479772218
Jane Velez-Mitchell,114250430692
Janelle Wang,136009823148851
Janice Dean,19403575746
Jared Dillingham,166666590053015
Jason Carr,165560210157548
Jason Chaffetz,212373730233
Jason Frazer,158070437565535
Jason J. Wilde,331895273517454
Jason Knowles ABC7,491157080925428
Jason Newton WBAL,532170713571100
Jason Nicholas,182678488447945
Jason Oliveira Abc30 Action News,165860546798360
Jason Simpson,252806854743736
Jay Grymes WAFB,256609661099476
Jay Korff,250386478631007
Jean Chatzky,84145486565
Jean Elle,161158520616989
Jeff Butera,142786209097182
Jeff Dubois,1467338496844761
Jeff Glor,193430927364118
Jeff Herndon Fox 32 Chicago,718379294839658
Jeff Hogan,132388075143
Jeff Passolt FOX 9 KMSP,122150307954909
Jen Carfagno,305254869568
Jen French,471709749525028
Jen Hatmaker,203920953040241
Jen York,146107132148654
Jenn Frederick FOX29,45248897803
Jenna Caiazzo Fox 46,228270300641786
Jenna Deery,30887266595
Jenna Hanchard,155137821360889
Jennifer Antkowiak,153640221344758
Jennifer Bellamy 11Alive,353741818149472
Jennifer Bisram TV Reporter,204428606279387
Jennifer Broome,329145352764
Jennifer Bullock,1008871735821132
Jennifer Crockett WDSU,1644801552460277
Jennifer Kielman,261758550510121
Jennifer Lahmers,1651691018379739
Jennifer Livingston WKBT,477685328918958
Jennifer Profitt,1616669698566292
Jennifer Roberts for Charlotte Mayor,803491689669926
Jenny Day,279885448759061
Jeremy Eisenzopf Weather,162097590518967
Jeremy Hubbard,626067337433554
Jeremy Rogalski KHOU,247422935284419
Jerod Smalley,110812705624877
Jerry Revish,58249566690
Jerry Taft ABC7,153455661479103
Jesse Jones,817560175000895
Jessica Aguirre,152412204826968
Jessica D'Onofrio ABC7,544226042268404
Jessica Reyes FOX25,811856872255667
Jessica Starr,185567451465802
Jill Nicolini,54988254804
Jill Reale,159393737469946
Jill Simonian: The FAB Mom Lifestyle & Parenting,1027259037314888
Jim Cantore,252062638385
Jim Dolan,1538549673088484
Jim Duncan NBC12,127705933965443
Jim Gardner,103448634917
Jim Handly,191123100910471
Jim Heath,350633748350193
Jim Hoffer,204243346253158
Jim Sciutto,644738685584050
Jim Vance,313232495402983
Joan Lunden,209595479480
Joanie Lum Fox 32 Chicago,541594189216028
Joanna Small,508796945906535
JoAnne Purtan,180820245295208
Jocelyne Pruna,241724839182269
JoDee Kenney TWC News,206866109690884
"Jodie Fleischer, WSB-TV",115193245177403
Joe Arpaio,108536052520558
Joe Bastianich,108586499188874
Joe Becker (KGW),316207155129459
Joe Clair,283340571775346
Joe Donlon (KGW-TV),138389559570706
Joe Murgo - WTAJ Chief Meteorologist,107133198795
Joe Pags,106854275018
Joe Reinagel - KENS 5,115749188500201
Joe Roetz,193496184004731
Joe Stowell,466782533466268
Joe Terrell KLTV,121115097979457
Joel Brown WTVD,139905556109604
Joey Harrington,935619096559245
Joey Sulipeck FOX13 Memphis,274657602661096
John Berman,164745420220359
John Carter WBTV,54483844099
John Dawson FOX 26,497454750307505
John Donnelly FOX 26,317634238274293
John Elliott,1664129267175182
John Garcia ABC7,422805901129427
John Gregory,751667334893812
John Holt - FOX 4 News,141344909289594
John Hook Fox 10,221440981326266
John Jessup,301137956586937
John Knicely KIRO 7,479395088793295
John Leguizamo's Ghetto Klown,148136908561859
John Lomax Local 12 News,111474285625982
John Nolan,209814439031821
John Patrick,220565714625346
John Paul,135208086497434
John Robison KCBD,509892355755440
John Snell,807833025927703
"John Waggoner, personal finance writer",300690533286278
Johnny Iuzzini,135134699867346
Jon Kelley,250561034957196
Jon Scott,81605107126
Jon Shirek 11Alive,182568918615415
Jonathan Carlson,1451062848482995
Jonathan Novack,135259383171603
Jonathan Vigliotti,394989333899277
Jordan Wilkerson - Live 5 News,471057539690446
Jose Grinan FOX 26,329151630459109
Josh Egbert KKTV,183570621715588
Josh Einiger,366592183495525
Josh Johnson WSFA,117379274995668
Josh Poland,148375971854871
Josh Rubenstein,186995011426570
Jovana Lara,1562824017273051
Jovita Moore,80837488144
Joy Lim Nakrin,357740104413875
Joyce Garbaciak WISN,388930641293467
Joyce Taylor,260256394000143
Juan Fernandez,81557191055
Jude LaCava FOX 10,787030204747162
Judge Andrew Napolitano,207770190801
Judi Gatson,290111717687203
Judy Hsu ABC7,423288204391270
Julia Fello,166067996736568
Julia Krey,327077820696800
Julie Banovic,132610193536419
Julie Bologna,1450161988593850
Julie Chang,124663961040898
Julie Durda,111593328905402
Julie Francavilla,235414551817
Julie Grant,496684350397321
Julie Haener KTVU,488057717911616
Julie Martin TV,133097610434
Julie Nelson,158079970919618
Julie Wright,520490457973717
Juliet Huddy TV,860512160706006
Jummy Olabanji,733170770069344
Jungle Jack Hanna,90183693693
"Justin Berk, Meteorologist",54875673475
Justin Biegel Sports,259345591093246
Justin Farmer,114430595277727
Jym Ganahl,117259094966234
Kacey Montoya,149044251889382
Kaci Aitchison,198646186850800
Kacie Hollins,409870482483840
Kailani Koenig,1444479379213022
Kait Parker,192592867421217
Kaitlin Cody,519291081509839
Kaitlin Monte FOX26,165594960174405
Kaitlyn McGrath NBC Connecticut,244857309022570
Kaitlyn Pratt FOX 5,314674371909931
Kaitlyn Ross 11Alive,149100821787200
Kaity Tong,125570244128993
Kala Rama,519909671437432
Karen Brown TV,563986523650256
Karen Grace Anchor/Reporter,105397849483316
Karen Hepp FOX 29,203687236333969
Karen Jordan ABC7,204577406349060
Karen Minton,1444815025820758
Karen Rogers,103303414848
Karin McCay KCBD,221771017874468
Karla Ray,113552565466020
Kate Bartley WHIO-TV,1424634594427100
Kate Bilo,174249719295238
Kate Bolduan,515278415228587
Kate Chappell News,276096809165625
Kate Garner,520973241255935
Kate Northrup,114841785205037
Kate Sullivan,196144307100269
Katherine  Whaley,791254384258807
Kathi Goertzen KOMO,177961572245148
Kathleen Bade,434017533365104
"Kathryn Janicek - Media Coach, Public Speaking Trainer & TV Producer",249737615054432
Kathy Brock ABC7,262232547226961
Kathy Mykleby WISN 12,919653588104651
Kathy Sabine,166153370104541
Katie Corrado,908054722545438
Katie Ferrell,1464485327206087
Katie Kim,339570709559307
Katie McCall,822020134494162
Katie Pavlich,397203986977678
Katie Walls,247829018565120
Katrina Pierson,147542771956309
Katy Morgan,177047752325089
Kayla Anderson,853856661311684
Kayla Ayres FOX 46,469856556522253
Keely Chalmers (KGW-TV),123268407820863
Keith Carson,437988222960590
Keith Jones,629186687138529
Keith Leventhal,283262438436591
Keith Monday WSOC 9,1511698632379764
Kelcey Carlson,735922596441027
Keli Rabon,200114356770777
Kellie Burns NBC2,208125029218263
Kelly Avellino NBC12,302747923128773
Kelly Cass,180862429389
Kelly Franson,112227918890913
Kelly Koopmans KOMO,169164276548926
Kelly Rippin,110347835783119
Kelly Swoope - ABC2 News Anchor,311444774634
Kellye Lynn,1415362322014726
Ken Rosato,1527850414123180
Ken Rosenthal,195977283801344
Kent Ehrhardt KMOV,139549606178502
Kent Wainscott,1625876111026866
Keristen Holmes,465044440266673
Kerry Charles,106380269466979
Kerry Hannon,189892832348
Kerry Tomlinson News,205328312825742
Kevin Dietz,113653315380732
Kevin Frazier,163266653748437
Kevin Harned (WAVE TV),250049434124
Kevin Landers,54750195887
Kevin Lewis TV,156977181114017
Kevin McCarty KIRO 7,588156041245349
"Kevin Reece, Senior Reporter, Wfaa-tv, Dallas",175650579163811
Kevin Roth Meteorologist,134057633427381
KevinMD.com,89979724885
KGW Rod Hill,354205947977113
Kidd O'Shea,187407244685787
Kim Cunningham,439592965723
Kim Fischer,394120370086
Kim Holden WVUE,1673472032879149
Kim Insley KARE,302826999863299
Kim Martucci,102861704478
Kim Russell,243124442447541
Kimberly Suiters ABC7,188420094530919
Kimi Evans,256443471102274
Kiptyn Locke,344592745502
Kirk Hawkins,344889702347815
Kirstin Cole,722153461151164
Kori Chambers,131497690306025
KPRC 2 Randy McIlvoy,117122378318056
KPRC Local 2 Courtney Zavala,124195177596226
KPRC2 Amy Davis,119073521455653
KPRC2 Anoushah Rasta,1501924336761321
KPRC2 Britta Merwin,1446793882234185
KPRC2 Dominique Sachse,114379945268535
KPRC2 Frank Billingsley,100221813357874
KPRC2 Haley Hernandez,1539639082939264
KPRC2 Jennifer Bauer,261624787188120
KPRC2 Jennifer Reyna,118902898131913
KPRC2 Justin Stapleton,227730787254091
KPRC2 Keith Garvin,451176961593334
KPRC2 Lauren Freeman,118171441539265
KPRC2 Owen Conflenti,280200465360111
KPRC2 Phil Archer,119125331441542
KPRC2 Rachel McNeill,120333531319816
KPRC2 Robert Arnold,105334479511783
KPRC2 Sara Donchey,615925748448074
KPRC2 Sofia Ojeda,1610278269190782
KPRC2 Syan Rhodes,713128258756419
Kris Carr,382970975759
Kris Ketz KMBC,170669691946
Kris Sanchez NBC Bay Area,188097847886856
Kristen Hampton WBTV,409052872485559
Kristen Keogh 10 News,404836613036955
Kristen Luehrs - WTVR CBS 6,295208500611206
Kristen Nicole,149457996787
Kristi Coleman WVUE,347283805461079
Kristi Nelson NBC5,266049956755030
Kristi Powers FOX 26,304748662906335
Kristie Lu Stout,121200242449
Kristin Kane,152626048160228
Kristin Smith,485605968148182
Kristine Johnson,1109023722454855
Kristy Siefkin Fox 10,198677086943868
Kristyn Hartman,297998466944375
Kristyn Leon,507467969387550
KSLA StormTracker 12 Weather Team,56904251684
KTVN Angela Schilling,200172216689398
Kye Martin,400247310035246
Kyla Campbell,177363952314168
Kyla Grogan,295965273853266
Kyle Aevermann,380147598726318
Kylie Mar,1569450333312553
Lane Stone,179782228734167
Larry Hogan,907931509251615
Larry Potash,86733523405
Larry Seward KHOU,298456480178974
Larry Yellen Fox 32 Chicago,333372190123948
Laura Behnke,137710766254575
Laura Benanti,257428099225
Laura Betker,704618426315588
Laura Borchers,411761408844535
Laura Evans DC,159637007521943
Laura Garcia Cannon,427583733952709
Laura Podesta ABC 7,228462367298036
Laural Porter (KGW-TV),118992044854967
Lauren De Marco FOX 5 DC,500641736644382
Lauren Fluker,626228654097502
Lauren Gilger,228033887352016
Lauren Glassberg,204346402970691
Lauren Jones WAFF 48 Meteorologist,258834240843287
Lauren Petty,283080641745660
Lauren Scala,206887109343994
Lauren Simonetti,264807616889618
Lauren Whitney,138393699559905
Lauren Young,238559769498040
Lawrence Zarian,107147905988048
"Layron Livingston WPLG, Local 10",191082897710968
Leah Hope ABC7,341258799320422
Leanne Suter,682889605113468
Lee Goldberg,311624215690792
Lee Marshall,121189304579336
Lee Thomas TV,529476650562617
Leeza Gibbons,95934828589
Leigh Brock,189466227739999
Len Kiese WFTV,208930399214823
Lena Taylor,179247678753724
Leo Stallworth,593190237462950
Leon Harris,127915147306265
Lesli Foster,119200096281
Leslie Sykes,798665116858282
Lester Holt,441662112655446
Leticia Juarez,1518327748422788
Lewis Howes,131641633558365
Leyna Nguyen,66148367151
Liam Dutton,151667227840
Liberté Chan - KTLA 5,439254336119520
Lights Camera Jackson,483521130164
Lily Jang KHOU,288511384536017
Lin Sue Cooney,127355250693183
Linda Stouffer,1699424380292051
Linda Williams Fox 10,434405933294191
Linda Yu ABC7,188474681276189
Lindsay Cohen,169445376425116
Lindsay Logue,219231378105487
Lindsay Shively,576681219037556
Lindsay Tuman WRDW,322007927952136
Lindsey Branwall CBS58,565431173525017
Lindsey Day Fitness,494491420623988
Lindsey Henry FOX 26,1210703375609170
Lindsey Ward WSLS,240113566085261
Linh Bui,145741258831199
Linzi Sheldon,775250535828722
"Lis Wiehl, Fox News Legal Analyst and Author",187442562905
Lisa Benson,354765477987555
Lisa Breckenridge,1690354727860512
Lisa Chavarria Fox 32 Chicago,138859992969546
Lisa Evers,146100035418321
Lisa Hart,282266181877417
Lisa Hernandez KHOU,215341721861433
Lisa Rantala,319222444831871
Lisa Robertson,371337499698822
Lisa Spooner,252927171486865
Lisa Teachman,1405965846306865
Lisa Weismann Live 5,369754846426097
Liz Adeola,568566293169427
Liz Claman,131525236916137
Liz Dueweke,221927744508279
Liz Foster,296866477043273
Liz Palka TV,153597044740647
Liz Quirantes,371798596231281
Liz Reyes WVUE,1416862995241479
Local 4 Karen Drew,113337845367554
Logan Sherrill,544154945693809
Lois Capps,168989481141
Lonnie Quinn TV,157792574597914
Lori Corbin,327383350770095
Lori Matsukawa,377339795672240
Lori Stokes,111055768917701
Lori Wilson - WISH,488976537845759
Lou Canellis Fox 32 Chicago,152691394747782
Louis Aguirre,238281592922750
Lourdes Duarte,163945686955287
Lu Ann Stoia,372151642851355
Lucy Yang,1036437016383039
Lynda Carter,149324295078130
Lynette Romero,1632846226926955
Mackenzie Bart,1436400323289871
Maddie Gardner,205413056148203
Magdalena Doris,580316721990798
Magee Hickey,234472229907174
Maggie Dinizio WZDX News,774045072644821
Maggie O'Mara,188213194555290
Maggie Vespa KGW,856305664397827
"Maggie Wade, WLBT",172772012757622
Malary Pullen WJTV,369399893107252
Malika Dudley,131132136922057
Malini Basu FOX25,375076462505944
Mallory Moore,357649844344617
Mandi Woodruff,1560241430880922
Manny The Movie Guy,59873654438
Marc Brown,655254511261483
Marc Clarke,319864749589
Marc Cota-Robles,670956749654543
Marc Martinez Fox 10,100508780129293
Marcus Leshock,142703809263131
Margot Kim abc30 Action News,106760496059512
Mari Cockerell,187465074624312
Maria Bartiromo,710897012254171
Maria Durant,252958358115672
Maria Guerrero,431255513683905
Maria LaRosa,110572388978042
Maria Quiban,112864185466249
Maria Sansone,90774106480
Maria Santana,229390900488516
Marianne Lyles,112459568789036
Marianne Williamson,207697880579
Marilyn McKenna,219839438177279
Marina Marraco,270257329978
Marion Brooks,183246321718011
Mark Arum WSB,129579627096032
Mark Baden,891894517571429
Mark Chapin | Austin's Weatherman,321313324378
Mark Davenport,194556867244560
Mark Elliot,144483822249933
Mark Giangreco ABC7,207451946062940
Mark Joyella,412987008759842
Mark Kriski KTLA,119028781530054
Mark Nelsen,213382442022852
Mark Ockerbloom FOX 25,219048231443098
Mark Scirto KLTV,166544020081407
Mark Steines,248499101834314
Mark Strehl Fox 32 Chicago,526097457449590
Mark Taylor WSOC TV Traffic,297297993773109
Mark Wright,165836276808345
Markette Sheppard,414520338585984
MarkSuppelsa,54392031838
Marla Tellez,170168949710456
Marshall McPeek,104135636295678
Martha for Congress,261905573829766
Martha MacCallum,366969367093
Martha Spencer,847797911910079
Martha Sugalski,129457630401927
Martie Salt WFTV,1376953869212806
Marty Coniglio,139454129437552
Marvin Hurst - KENS 5,222338731135492
Mary Calvi,243446402472486
Mary Conway,196005393757887
Mary Jo Kilroy,13053013750
Mary King,327160017346084
Mary Lee,136479136362814
Mary Loos KATU,122717364589174
Mary Murphy Mystery,1386551514902988
Mary Nam KOMO,155376231175366
Mary Wasson,163716643988
MaryEllen Pann FOX43,65335846234
Matt Ackland FOX 5 DC,549132691776788
Matt Barnes,102515366469415
Matt Brode,394929937222757
Matt Ernst,145180218839104
Matt Kibbe,103355973074163
Matt O'Donnell,92168272835
Matt Pearl 11Alive,264725416915212
Matt Walsh,570092813023833
Matt Zaffino,122112681222210
Matthew East,115746831790390
Maureen Kocot,65245232007
Maureen Umeh FOX 5 DC,212155008928557
Maurielle Lue Fox 2 News,173623886069327
Max Foster,141148405925536
Mayor Andrew J. Ginther,192591191091905
Mayor Bill de Blasio,22085921165
Mayor Bowser,125270034173108
Mayor Mike Duggan,240561379438218
Mayor Tom Barrett,470378949649313
McKinzie,250216425110826
Meg Gatto WVUE,1562163750733018
Megan Dice,1400328260187941
Megan Henderson,117115078306078
Meghan Mongillo,103939006322506
Melanie Alnwick FOX 5 DC,142176909276985
Melanie Christopher WJTV,211069415579191
Melanie Hastings,717863504935190
Melinda Davenport,284691565676
Melinda Spaulding Anchor Fox 26 Houston,223935844356778
Melissa Gaona,371100829648354
Melissa Harris,169038026627522
Melissa MacBride,1424770211145200
Melissa Mollet,192083800826337
Melissa Rycroft,77334399821
Melissa Wilson FOX 26,276847902378662
Melody Gonzales,1574490369484680
Melody Mendez TV,139573749489333
Meredith Garofalo,253225601379608
Meredith Land NBC5,379026492157522
Meteorologist  Matt DiPirro 7News,204801222916857
Meteorologist A.J. Burnett,201942976559058
Meteorologist Allison Croghan,404035376306036
Meteorologist Allyson Rae,199990143357477
Meteorologist Andrew Phillips,195764883807862
Meteorologist Arielle Nixon,390070321053589
Meteorologist Ashley Baylor,109282332509761
Meteorologist Aubrey Urbanowicz,157183400983806
Meteorologist Brad Maushart,1407392772813795
Meteorologist Brett Collar WHIO TV,641819169286779
Meteorologist Brittany Bell,377729648934779
Meteorologist Brittney Bryant,152131054990403
Meteorologist Brittney Merlot,1739534062943831
Meteorologist Bryan Schuerman,210160109050089
Meteorologist Catherine Bodak,450669478309643
Meteorologist Chelsea Ingram,138477126324024
Meteorologist Chris Edwards,238013702911893
Meteorologist Chris Franklin,420500314706553
Meteorologist Chris Simmons,690966551001476
Meteorologist Chris Still,111458825590275
Meteorologist Christine Rapp,603972742947057
Meteorologist Clayton Stiver,271995882925607
Meteorologist Cody Matz FOX 9 KMSP,607139565972607
Meteorologist Colin Hackman,191518640889991
Meteorologist Conley Isom NC25,947360702025364
Meteorologist Damon Lane,1448813218752632
Meteorologist Danielle Niles,117029331682620
Meteorologist Dave Skutnik,123760851002205
Meteorologist Eddie Sheerr,626797904018911
Meteorologist Gil Simmons,122870377762054
Meteorologist Greg Bobos,122991967839131
Meteorologist Haley Webb,213139225374374
Meteorologist Hally Vogel,296975016981225
Meteorologist Heather Brinkmann,507718805970102
Meteorologist Heather Sophia,329505017187314
Meteorologist Janna Brown,519311084781151
Meteorologist Jason Dunning,172664589458991
Meteorologist Jesse Gunkel,249294415118883
Meteorologist Jesse Vinturella,123488897751091
Meteorologist Joe Moravsky,111360072300984
Meteorologist Jonathan Gonzalez,151349458283917
Meteorologist Josh Cingranelli,803941556338506
Meteorologist Josh Eachus,426032650747603
Meteorologist Josh Knight,1412285105656569
Meteorologist Justin Logan,199211996806643
Meteorologist Justin Thompson-Gee,129878307064948
Meteorologist Katie Dupree,224027524389478
Meteorologist Katie Western,1494192737466909
Meteorologist Keenan Smith,1707692226117007
Meteorologist Keith Marler,162341280464782
Meteorologist Kira Miner,145919902174816
Meteorologist Kirstie Zontini WHIO TV,226782020823652
Meteorologist Kyle Gravlin,354109361366744
Meteorologist Lauren Casey,168667789310
Meteorologist Lisa Vaughn Fox 26,601804873267351
Meteorologist Lyndsay Tapases,191454337572046
Meteorologist Mallory Brooke,183223538407325
Meteorologist Mario Gomez,232299553458465
Meteorologist Mark Rowlett - KTXS,205240469487937
Meteorologist Matt Mahler,134598383300872
Meteorologist McCall Vrydaghs,404318212962737
Meteorologist Michelle Bogowith,366073423467342
Meteorologist Mike Favetta,276455377661
Meteorologist Molly Cochran,160376617645854
Meteorologist Rachel Frank,201609703217177
Meteorologist Rhonda A. Lee,126610990753476
Meteorologist Ryan Coyle,116139481792314
Meteorologist Ryan Davidson,134445149905548
Meteorologist Ryan Wichman,469963719701018
Meteorologist Shelby Hays,347485982009626
Meteorologist Spencer Denton,142168452524990
Meteorologist Steve Frazier FOX 9 KMSP,252450081552919
Meteorologist Ted Phaeton,331781020257671
Meteorologist Terran Kirksey,199807093384960
Meteorologist Tim Buckley,184607858241580
Meteorologist Tim Pandajis,158756774155299
Meteorologist Timothy Ballisty,1494184470867030
Meteorologist Tyler Mauldin,230686277006361
Meteorologist Yasser Kishk,123395071165834
Mia Gradney KHOU,242341039201948
Michael Gargiulo,256320124420297
Michael Kelly - Journalist,458141120870903
Michael Reagan,119719948068363
Michaela Pereira,264295140264631
Michel Wright,800282350034089
Michele Bachmann,162625492360
Michelle Charlesworth,1553865988165446
Michelle Gallardo ABC7,336366793145860
Michelle Ludtka,181146105252385
Michelle Marsh,159614997494358
Michelle Merhar FOX 26 Traffic Authority,143393465680555
Michelle Millman,266121413399823
Michelle Relerford,291519427552217
Michelle Stark,151225141575458
Michelle Tuzee,303397389863868
Michelle Wright WTAE,1519018051719615
Mike Augustyniak,112052018889612
Mike Benner - KGW,1619193851677747
Mike Bettes,249767823442
Mike Bouchard,155888077855
Mike Buresh,214139368677810
Mike Campbell-WHIO-TV,256806444343654
"Mike Caplan, Meteorologist at Fox 32",1608277092736124
Mike Clark WTAE,772829936141434
Mike Coleman,124523964245649
Mike Colombo,417470161615908
Mike Davis,58584815810
Mike Duffey,124473757838
Mike Flannery Fox 32 Chicago,126682904196693
Mike Galanos HLN,145679258794133
Mike Hydeck,123056937752044
Mike Inouye,60989440165
Mike Janssen,106470576398440
Mike Jerrick FOX 29,204202796276536
Mike Masco,106434319403374
Mike McCarthy,370802562932704
Mike Seidel,251522555813
Mike Skow - KEZI,1419940758286649
Mike Thomas Fox 5,805638052800875
Mindy Drayer,119927151354025
Miranda Leah,271825542942086
Miriam Hernandez,283074108542071
Misty Jordan,137818046282388
Mitch Albom,12835467569
Mitch Weber,119378119879
Mojo In The Morning,6448603156
Molly Shen KOMO,184318318250157
Monica Day,413569348836074
Monica Morales,116366741719947
Monica Morales,116366741719947
Monika Samtani,188253201211008
Monique Ming Laven,1448001902123598
Mr. G,537067766365337
Murray Feldman News,1070476919631069
My Caregiving Coach,144454278334
"Nancy Alvarez, WFTV",206856219343715
Nancy O'Dell,124549757720
Nancy Parker WVUE,381703708646789
Natali Marmion KATU,449113731812395
Natalie Bomke,330509763656163
Natalie Brunell,573408119393681
Natalie Jovonovich WHIO,631355926885098
Natalie Martinez,166929659999250
Natalie Tejeda,136999503005189
Natasha Barrett,204674976229232
Natasha Geigel,465957913428964
Natasha Robin WVUE,1576726805907372
Natay Holmes,509300955895420
Nate Griffin Fox 26,1655814264665394
Nate Wimberly WBTV,912811982077106
Nathan Baca,135263663231951
Nathan Deal,166253651524
NBC4 Responds,182011258480305
NC5_MatthewTorres,784938171543925
NC5_SophieNielsen-Kolding,306061262818174
Neal Karlinsky,155596057863888
Neale Donald Walsch,40638047343
Neima Abdulahi 11Alive News,327217134080884
Nelly Carreno NECN Meteorologist,104349932971399
Nick Allard KIRO 7,121930187891429
Nick Bohr WISN 12,1018677161484507
Nick Ciletti,231991830177265
Nick Kosir FOX 46,1464855587080946
Nick McGurk,220602254657804
Nick Ortego Wdam,248986835123178
Nick Walker,279768707834
Nicole Brodeur,162174717237303
Nicole Dabeau,174309722588457
Nicole Darin,10150094418975287
Nicondra Norwood WVUE,359663260739890
Nikki Burdine - WUSA 9,235669433144802
Nikki Haley,109521013225
Nikki Krize WNEP,164085777029196
Nima Shaffe,116184945243762
Nina Blackwood,163074243760174
Nina Mehlhaf,907309029345804
NJ Burkett,1592924470936088
Nohelani Graf,209370955885455
NPRMichel,231578663541144
Nydia Han,110957983507
Officer Tommy M Norman,1158596744220351
Ohio Attorney General,46398528876
Ojinika Obiekwe,890235777735861
Olessa Stepanova,221595149066
Oliver North,216940628328775
Olivia Fecteau,1722741861296154
Olivia Mancino WINK News,1781466038759036
Out and About in Westerville with Kathy Cocuzzi,211582781929
Pam Cook KTVU,516557245035451
Pamela Escobar,185257154989328
Paris Jackson TV News,196001120414432
Pat  Muse,199294730117494
Pat Battle,264662883577961
Pat Collins,311870098863623
Pat Dooris (KGW-TV),315602675198040
Pat Tomasulo,117222070378
Patranya Bhoolsuwan,130838470312625
Patrick Bigbie WDAM,719291004882782
Paul Gessler,182941378422038
Paul Goodloe,274986538640
Paul Meincke ABC7,474532639260626
Paul Mireles - KENS 5,206355446048297
Paul Wagner FOX 5 DC,263728253760352
Paula Span,132958910060838
Peggy Bunker,1079485892075077
Pei-Sze Cheng,172975662793337
Pete Christy KCBD,533685376762092
Pete Delkus,121420087932948
"Pete Ferryman, Anchor",216530571707095
Pete Suratos- TV Reporter,528041073928263
Peter Busch,172942906158717
Peter Van Sant,192926337398869
Phil Kelly,428785893909666
Phil Keoghan,182810645084635
Phil Lipof,802845313141599
Phil Schwarz ABC7,328192337281819
Phillip Palmer,783059815058818
Pooja Lodhia - Reporter,148670895197971
Q McCray ABC 7 News/News Channel 8,1677074322525859
QuincyHarris,875588609162604
Rachel Karcz  My NBC5,274368179432440
Rachel McCrary,704662012929396
Rachel Pierce,420046101467317
Rachel Smith FOX5,1204796399563350
Rachel Spangenthal,159842840745351
Racquel Asa WFTV,395702950560803
Radio Rose,1467777470107507
Raj Mathai,203206913055203
"Ram Dass, Love Serve Remember",129480070417400
Ramona Holloway,118998364782473
Randi Rico WLWT,133759729996425
Randy Price,212846312075044
Randy Shaver,185182574852131
Randy Wallace FOX 26,219763541444392
Raoul Martinez Fox 5 San Diego,204841476306593
Raphael Miranda,143520195713414
Rashi Vats FOX 26,1412789925606762
Ravi Baichwal ABC7,489381497763748
Ray Cortopassi,192204082087
Ray Stagich,469775375789
Rebecca Jeffrey,188491051285812
Rebecca Solomon,764044937051470
Reggie Aqui,75509364009
Rekha Muddaraj KHOU,311891268863582
Reneé LaSalle,1629171477350890
Rep. David Schweikert,150338151681908
Rep. Jonathan Brostoff,714372215336532
Rep. Steve Stivers,116058275133542
Representative Matt Salmon,194555843919304
Rhiannon Ally,361621197189290
Rhonda Moore,298250493564204
Rhonda Shelby KATU,208316502527949
Rhonda Walker,213121052054771
Rich Segal-Spectrum News Weather,182361985177894
Richard Deitsch,134803396580718
Richard Jordan,229703143804873
Richard Roeper Fox 32 Chicago,67940108300
Richard Saenz Fox 10,132271346938369
Richard Schlesinger CBS News,107667955990693
Rick D'Amico,468990086444358
Rick Reitzel,114969018533157
Rick Steves,45052217744
Rishi Barran TV,182492121800751
Rita Cosby,102147646498289
Rita Garcia FOX 26,135729663254889
Rob Duns,192542820796943
Rob Elgas,142239679134633
Rob Fukuzaki,520384664730050
Rob Hayes,647937905303486
Rob Johnston,675873499122464
Rob Krieger WVUE,1631823550381488
Rob Little,9469417121
Rob Masson WVUE,259530200920671
Rob Mayeda NBC Bay Area,173319986056127
Rob McMillan,342534599245083
Rob Munoz,589889987797479
Rob Nelson,803384039688769
Rob Wells,774161142594703
Rob Wolchek,211583138876503
Robert Feder,175146445841142
Robert H. Jordan Jr.,375078515928965
Robert Van Winkle,150314238363714
"Robin Kanady, FOX 46",708476045830704
Robin Meade,616694598359883
Robin Murdoch Fox 2,1418642068369269
Robin Schwartz,158142940899916
Robyn Haines,254981711249240
Roe Conn,124388287657
Ron Claiborne,222143264513612
Ron Hoon Fox 10,114701845377835
Ron Magers ABC7,496741103715731
Ron Rosseau,191526360885623
Ron Savage,431953323519514
Ron Trevino KHOU,129476933802532
Ronica Cleary,162548067189223
Roseanne Tellez,151931265167851
Ross Jones Investigates,348563221867194
Roxanne Stein,236767809717751
Roz Varon ABC7,554586417892956
Rucks Russell KHOU,228631853826348
Russ Feingold,9421528214
Russ Lewis KHOU,171707756223002
Russ Ptacek,376524259051092
Russell Kinsaul KMOV,302212133148178
Ryan Houston WCPO,1221936597841951
Ryan Leckey,147043149606
Ryan Nobles,192017807493837
"Ryan Vaughan, Region 8 StormTEAM",198991303456908
Sabrina Hall,179479626852
Sabrina Wilson,1593050014304492
Sade Baderinwa,1517449121831735
Sally MacDonald FOX 26,234330926648778
Sally Severson,423845697712249
Sally Wiggin WTAE,115050621842414
Sam Argier,272616728905
Sam Champion,1141339582558342
Sam Ford7,584465768321043
Sam Rubin,165057593558843
Samantha Cortese,101246973365903
Samantha Davies NBC5,118504254897439
Samantha Ptashkin,152201408145314
Samantha Roberts,166033330093253
Samantha Singer,1393641614189707
Sammi Jo Francis,178635365538147
Samuel Burke CNN,180918758604343
Sandra Bookman,1506953172914464
Sandra Endo,443687719172235
Sandra Lee,58264498706
Sandra Mitchell,662300147131454
Sandy Kenyon,166671937024
Sara Gore,143032059063945
Sarah Arbogast KDKA,305203292844601
Sarah Batista,372453669495802
Sarah Bloom NBC12,140521775977692
Sarah Buynovsky WNEP,1760647637492446
Sarah Forgany - KENS 5,169308229809595
Sarah Fortner,444377755575242
Sarah Schulte ABC7,131086600394344
Sarah Simmons FOX 5 DC,450844218303794
Sarah Wroblewski,283174148491
Sarah-Blake Morgan WBTV,329065623805155
Scarlett Fakhar,412840392255292
Scott Budman,230421145029
Scott Conant,117098158328132
Scott Noll KHOU,395448860494649
Shannon Murphy (Mojo In The Morning),161601070521135
Sherry Margolis,100865443341431
Sherry Williams KHOU,239596186067767
Stephanie Chuang,189383104414761
Stephanie Hockridge,277065524267
Stephen Stock • Investigative Reporter,147547805294455
Susan Casper ABC15,111155575578436
Suzanne Malveaux CNN,120182224719995
Tamala Edwards,112686714322
Tamsen Fadal,41593648878
Taryn Asher Fox 2,179830638721815
Terry Foster,106098896079865
The Champagne Diet by Cara Alwill Leyba,73348359265
Tommy Tran Abc30 Action News,199638683384856
Vicky Nguyen,120681771344158
Walter Perez,86789005938
Wendi Redman,118169348207624
YettaGibson,272053499665010
Zain Asher,550140278341283
