screen_name,id
Aaron_Brackett,34777103
nbcaaron,235216696
Chef_Aaron,58816328
ChristineDobbyn,367948574
DaveWardABC13,1392493334
DavidNunoABC13,946940904
wrigleyABC13,930881114
ElissaRivasTV,289870616
ErikOnTV,1283828412
GinaGaston13,1283718055
IlonaOnTV,1283927894
JeffEhlingABC13,19681358
imkevinquinn,16349724
MayraMorenoTV,452437890
MelanieLawson13,360714671
PatriciaOnTV,25397954
SamicaKnight13,1210273100
tomkochnews,1283910842
ABC7Erin,21369113
ABC7Kidd,21036972
AbnerEuresti11,3091465013
AbrahamHicks,15815795
AdamFox45Now,791931840
AClementsWKRC,1686693289
adamlongoTV,20433493
AdamSchefter,51263592
SlingerWSYX6,84927367
abc7adrienne,471291013
aidenleslie,22996057
ainsleyearhardt,186646579
aiyanacristal,344980156
AJRossABC7,119196226
_AJ_Smith,76985238
AlConklin,370669423
KrasheskyABC7,19037423
AlanLLee,163738577
Alderman_Pawar,278770101
AlexDenisTV,249790861
guarnaschelli,36980342
AlexHolleyFOX29,164336339
ABC7Alex,172851165
TWCAlexWallace,56832765
alexabahou,20779619
AlexandraFox5DC,613491892
TWCAlexWilson,1278282558
AlexisABC7,43976002
GainerTV,63539017
AliciaBarnesTV,43029454
aliciamalone,18885997
AliciaRomanNBC,388478631
wxyzalicia,108343240
AlishaEbrahimji,92922276
AlisonKIRO7,146250468
alisonkent,7292772
AlisonStarling7,787969735
AlissaHenryTV,14574189
AlissaReitmeier,432936617
AllenWest,237403203
alliemackay,28037631
AllisonWSOC9,308800630
ARodriguezABC15,255801799
AllisonRosati,202674763
alyseeadyFOX5,168216285
abc7alysha,22154062
NASABlueberry,2273731460
AlyssaOrange,23065599
fox46amanda,3379120845
AmandaGuerraTX,169534973
Amanda_Venegas,22945816
AmberJayFOX19,863618551
AmberLeeNews,15686484
AmberCOBrien,974024119
RupintaABC11,44099900
anandambika,197748902
Amelia__Earhart,133484445
amyphotochicago,48347769
AmyAndrewsFOX2,131293090
ABC7AmyAubert,507613127
ClancyKIRO7,26109459
amy__hawley,30306325
amyhollyfield,43771134
AmyFox43,84690063
amysweezey,21703499
anabelaval,97469184
AnaCabrera,31565351
ericweisfeld,136832131
AndreAgassi,89112033
andrehepkins,19991186
AndreaCambern,18056236
AndreaGrymesTV,363124620
ISOMTV,275211261
andreafox10,41146746
AndreaTantaros,36452050
AndrewWSYX6,874246926
AndrewNBC12,49957245
andrewfreund,35316765
AndrewWJTV,1931014284
WKYCAndrewH,219084863
AndrewLocal4,11254702
andrewginther,258851325
WhitmanAndrew,230065732
AngelaKOAT,99356094
AngelaChenFOX26,15771895
AngelaDavisWCCO,117097951
angelaganote,46118082
AKochergaBorder,15846022
AngelicaKATU,22866687
angiemartinez,18783665
AnitaPadilla32,29426372
ANITAROMANFOX10,917233862
anjelahjohnson,30822306
AnnMarieLaFlamm,42900861
AnnVoskamp,66812365
Anna_Canzano,22960837
ALaurelABC11,69024398
AnnaSaccone,15925193
ABC7Annalysa,147618542
anneeliseparks,72177152
AnneImanuel,50719126
AnneMcNamara,19324057
AMGreenCBS,228377172
annie_sabo,1270923698
ADiLorenzoTV,193766629
AnthonyABC7,2329573819
anthonyponceTV,313352881
AnthonyNBCLA,337748422
antoinetteA,28164582
AntwanLewisTV,1655496085
aprildovorany,1259417400
foxonfox,23815330
Araksya,46185434
arishapiro,37999041
ariannahuff,21982720
Ariel_Plasencia,541169315
montelongo,14248093
ArtRasconABC13,310373765
AshleeBaracy,29547807
TVAshleigh,299790272
AshleighNBC5,161007251
AshleighWalters,117406876
AshleyBatey,105262046
ashblackstone,29301265
AshleyD_WTAE,23018144
ajoneson7,2424366906
AshleyKorslien,104959693
ashstro,24962256
AshleyYore,2807718670
AshlieWTAE,71043032
AshtonCBS4,18656101
astridtv1,510665427
AstroKarenN,1299995892
AustinKSWO,747856279369039872
ABC7Autria,161298188
Luvvie,16254381
AyanaHarry,100349032
CIARAWTKR,55349055
fox46barbara,44801473
BarbieBassettTV,21936738
barrabest,228874251
BeauBishop,19316413
beckyditchfield,60685222
Belen_DeLeon,720362760
BelindaKARE11,857002556
ben_aaron,134844598
BenLocal4,2319123949
BenBradleyTV,123584688
BenWSYX6,862067606
benhoover,47756355
benshapiro,17995040
benlwilliamson,209215779
TheBenderNation,19769562
BenjiManTV,269193299
BethAlexanderTV,2209636542
BDPonte11,1242279716
Betty_Nguyen,16529278
BiancaNBC5,232606648
Bianca__Rae,33792228
Big_Budah,45475746
BillAFox29,15225605
BillBellis,317970353
Evansweather,22762908
BillHemmer,21010214
BillFOX46,1071585991
billritter7,18770777
BillWeirCNN,33515703
BillWixey,22100007
billzwecker,64784661
BillieJeanTV,2266705999
BillyGardell,2321532673
BlairMillerTV,19651222
BlakeWSOC9,19554094
BlazeRipCity,1434016513
barnardfox5dc,48937174
BobBreckFOX8,248826162
bobbydtv,34126592
bobkellytraffic,479944064
bobwsyx6,87525622
BobNBC4,27863698
BobNBC,97232237
bobschieffer,18776942
BobSegallWTHR,379472193
BobbieThomas,29439701
BobbyJindal,17078632
BonnieBernstein,129276705
BonnieWeather,20682357
BorisJohnson,3131144855
ABC7Brad,57071314
tvbrad,24276699
BradNitzWSB,48741440
BradTravisWAFF,331200887
bhamiltonTV,430203410
bhherring,153402684
BrendaBraxton8,582101054
BrendaWoodWXIA,726741530
BreneBrown,14717311
BrentBozell,20243128
solomonreports,15369691
TheBrettAnthony,27665097
abc7briwinkler,398875833
TheBigBashonFox,143854708
BrianBrennanTV,69165576
BrianCurtisNBC5,195959366
kilmeade,43919633
BMacTV,18696568
BrianMininger,70388173
BShieldsWFTV,394240920
wraltraffic,24161284
brian4NY,22000141
ABC7Brian,177583181
brikeilarcnn,46817943
bridgetshanahan,22028966
bblakelyFox46,718827319
Brien21Alive,177292689
Brittany10TV,2926061494
BrittanyBWAPT,84250783
BrittanyonTV,397566318
BrittneyWSOC9,234628403
BrittneyPayton,23451574
BrodyOConnell,251878533
BrookeBCNN,49204865
BrooksKHOU,28857255
BrooksWSYX6,31171238
BruceBeck4NY,239563902
BruceKatzFOX8,126088162
forecastupdates,29515141
TWCBryan,349785521
Bryant10TV,3166184667
ByronBrown12,46275610
ByronKOAT,23146721
CSKeysShow,142521776
CabotNBC4,15461851
CaitilinPIO,44539484
Local24Caitlin,92338086
caitlinrothfox5,443262847
CameronFontana,17603754
candacedfox45,33899327
DallasDirtCandy,6803492
CandiceNBC12,2768807890
ShuttleCDRKelly,65707359
cardinalcowboy,60459949
CaribeDevine,309943074
parkertwc,24687699
abc7carlos,34652440
CarlyFMorgan,355500732
CarolCNN,126629610
reporter6,21955705
carolsbargeWSB,131200503
YogiCarole,30520698
FountainFox46,282289244
CarolineLoweTV,21865402
ccliffordwxyz,122474769
CostelloNews,40937824
ctylerabc7,55392827
carrieduncanwx,124609050
CarrieLazarus,187183233
CaryAllenKCBD,3084976785
CaseyWeather,29980664
cassidygard,17034631
CassidyQuinn,25216470
catgreenleaf,76026640
CathyMarshall8,605863003
ABrovelli,348922209
CBS58Drew,541162915
jessicatighe,45575817
MarshannaHester,20177350
SarahBarwacz,887211000
szirinsky,21774546
ChadNBC2,179533138
BaileysBlast,2588114288
Charlienews,36129461
WFAAcharlotte,906788125
amandafreitag,67132107
ChefGruel,2839374404
BurtonABC7,906719864
cherylcasone,112283476
CMcHenryWHIO,2892445031
coachoncall,22145732
EElwellWHIO,19941431
gflickinger,352347676
chitakhou,209622149
ChrisAllenSkywx,17131327
Cimino4NY,19192178
ChrisCuomo,22799750
ChrisDunnWX,1639071332
cegertKSTP,24244581
ChrisGNBCBoston,411023941
ChrisHolcomb,27247176
Chris11Alive,178189726
chrishurstwdbj,195039753
ChrisHushNBC,612004228
ChrisJustusWYFF,325776508
KATVChris,3235506217
ChrisJustusWYFF,325776508
ChrisLarsonWBTV,2667259495
clawrencenbc,85282028
LegerosKIRO7,32493115
ChrisMayKATV,17165077
McGinnessPDX,625208925
YOURWEATHERMAN,131991482
ChrisMurphyTV,467981289
RealChrisPowell,179706126
TheChrisStipes,347861114
ChrisVanVliet,21343127
TWCChrisWarren,28947018
ChristiB93,34353551
Christi_Paul,300893304
Christina_Loren,27875238
cdino22,18066800
ChristinaParkTV,26642790
ChristinaKTLA,45014284
abc7christina,730730424
cjones,13573332
CPitawanichKGW,330201208
ChristineRomans,16329199
CHeathWFTV,321082871
ChristopherSign,16228272
ChuckBell4,266709857
ChuckGoudieABC7,19921113
HsuTV,2235438997
CJNitkowski,24871090
Claire_Kellett,18087649
ClariceFox4,39581440
claywsyx6,54426873
ClayBMiller,25281660
ClaytonMorris,14331688
ClothesAgain,117520701
CoachLaMonte,17454706
MsCoCoDominguez,22593330
CodyAlcorn,37307384
ColeenHarryWBTV,792624284
abc7coleen,374806739
OfficialCBC,233783568
TeamIssa,63650107
jasoninthehouse,17800215
RepTrentFranks,24773493
conniecolla,185781582
contessabrewer,16456599
CWTCarrs,4150227981
coreymcpherrin,87784776
CortneyHall,18611191
MediaMaven9,189193348
CoryMarshallTV,237528012
CoryFOX10,3366432754
Stinziano,109496754
CourtneyABC13,3654490475
CourtneyNBC5,31251306
CBSCourtney,32410054
courtyuen,2370679285
tmj4courtny,587805681
COYOTEPETERSON,21587681
CraigLucie,40886429
craigmelvin,33972882
CraigSetzer,292650377
cstevenson7,61277489
craigtreadwaytv,334554659
craigrwall,105258238
crystalNBCLA,187972757
abc7curt,81962245
CYNNEFOX5,47760251
CynthiaNewsome,287341538
DahnaCreative,83060431
abc7dallas,398878381
DamaliFox26,473115252
danbharris,18638502
DanHellie,16320734
DanLewisNews,564136445
danpearlman,202419464
DanPonceTV,185859198
DanTilkinKOIN6,829815882
FOX35danajay,350513063
dsplacko,211242561
DanellaNow,26394126
d_stew,20102516
DTGoteraKHOU,117676882
DanielWDSU,349675857
DaniellaNBCLA,38860524
DanielleBanksTV,443015183
DanielleBreezy,22822771
DanielleEliasTV,164299225
NelKoleniak,357534835
DanielleLerner,22168688
DannerEvans,61332777
abc7danny,398877566
DarbyKHOU,257423331
DariAlexander,222177780
DarlaMiles7,389606376
DarrellIssa,22509548
abc7darsha,574991670
DaveHolmesTV,27277775
DaveHWSB,25377866
DKinchenFOX29,17825817
abc7davekunz,430192253
rexroth7wxyz,176617047
SaleskyKATU,42718177
AuthorDavidBach,20795899
David_Culver,52612881
DavidEarlLive,140980387
DavidFinfrock,2847023699
davidhamseattle,164549024
DKaplanWTAE,3428105331
DavidNBC4,921419174
davidmurphy6abc,246732771
DavidNovarro7,402794026
abc7davidono,105241361
DavidPaulKHOU,380959351
DavidMyNBC5,574120635
RepDavid,229197216
DavidFox46,2233711129
DavidSpuntCBS3,530844560
DavidWhisenant,486557687
DWilkinsonCNN,83453988
DavidZylaStyle,62932548
DawnHasbrouck,47815479
DaynaDevon,24784574
DeanOrnishMD,73224714
DeanRichards,17050876
DebKnappKATU,22993076
DeborahNBC5,21681351
DeborahKIRO7,178228740
dkafoury,39190013
debtakahara,168304304
DebraAlfarone,18577789
_DebDenise,466707860
fox2deena,189832643
deliangoncalves,139856067
DIvory_WGN,41614373
abc7denise,355661298
DennisBounds87,22082983
DennisWelshFox,1099723478
dkevrafox2,630499555
mcgintyman,16246426
derickwallerTV,144031017
DerrickWard4,265969984
DerwinLGray,41858108
WJZDevin,72734966
DevinScillian,22280208
DianaWilliamsNY,28729277
dianehenderiks,49507614
dianermacedo,53419987
pathieuabc7,834557988
diannaESPN,117189498
DinaBairWGN,480693219
DionLimWTSP,249862904
DontayeCarter,307456949
DottieHerman,16688006
DougDelonyKHOU,381596239
abc7Doug,174288971
DrChrisNorthrup,114807372
DrErnieWard,15595996
DrGregForbes,442870573
DrJimFox26,14592079
DrLucyJones,2417085025
DrewCarney,30032601
dustinFox47,2209227506
ItsEdytheK,1596433080
abc7eileen,17821402
EileenParkTV,508191783
ABC7EileenW,46766020
abc7elex,23825303
WXwithELITA,204437454
ElizabethFox32,27801824
enoreikaTV,52324807
abc7ellen,1091032231
EllenTailor,24159639
accuElliot,226957287
CBSLAElsa,20634119
ElyceK,37740481
ElyseFOX45Now,863589853
EmilyAkinFOX26,467781327
EmilyDishnow,184652431
emilyrau,24468364
EmilySinovic,20246675
emmajade12news,22852915
EricBurrisWESH,22571485
ericfisher,168912732
WOWKeric,3393102237
EricHorngABC7,69678987
EricJohnsonKOMO,803395992
PerkatPlay,25688332
EricTTung,14448173
ericarico93Q,196139446
ErickWeber,18634843
Erik_Elken,21876037
ErikTygerKPLC,3236344192
ErikaFerrandoTV,304540756
ErikaWCVB,92958361
ErinWSYX6,2742130146
ErinFirstAlert,1447543141
ErinColemanTV,362118621
Erin_Ivory_,348467845
EFMoriarty,15741208
erinmyers,19478147
erinpickensWAPT,188783480
ErinWx,163660638
ErnieAnastos,65466174
EssexKIRO7,35356736
eunyangnbc,233933608
EvanWFitzgerald,83969858
EvanKruegel,1873080416
EvHolmesAbc7,2893719234
EvelynTaft,33712206
ScottLight10TV,33534381
FARNOOSH,14467969
MichaelPfleger,325891927
FeliciaFOX46,3956561195
NYCFirstLady,37074061
foodbeast,17382260
foodgasmguy,133844839
AnjuliDavis,308622211
EvanAxelbank,47866178
HaleyHinds,31574317
ScottSmithTV,57169965
ShaylaFOX13,29570564
RuffesFOX13,574891498
Fox26Mike,404059812
ian_leonard,16929450
jamesaydelott,20557363
BenWalnick,2382420608
MichaelSeger,14791386
FRANKSKI,20521879
Franklin_Graham,44945327
FBlankenshipWSB,274202514
FredWCNC,614797247
FWhitfield,282695074
Gabe4ny,140580807
GABESPIEGEL,28236290
gabrielarana,15403392
gailsimmons,21915666
wxgarrett,19044396
GarrettHaake,47991586
5NEWSGarrett,532584818
GaryEllerson,570127093
GaryKIRO7,142134365
glezak,176603549
garyfox5dc,2293115563
gaynor_hall,436266441
gzchef,164122774
georgekiriyama,14732530
georgeplevesque,240371075
abc7george,362704645
georgesmithtv,3152687758
GeorgetteESQ,34713731
GerriWillisFBN,54900089
WLKYGianna,1329785576
GigiStoneTV,396175465
GinaKCTV5,185718097
Ginger_Zee,84194879
Moviegino,573032440
ginovicci,50186518
GioAndJones,2951274893
GioBenitez,22408312
GLewisWXYZ,40770886
GLewisWXYZ,40770886
GlennBurnsWSB,415797205
Glenn10TV,107444645
Momastery,67647597
gordongee,24164958
NYGovCuomo,232268199
GovRauner,2862555526
GovChristie,90484508
dougducey,20217019
onetoughnerd,113036476
grahamelliot,18791048
GrahamKIRO7,32636643
grant_gilmore,189232480
granthpaulsen,24391041
gregadaline,1378150424
DutraWeather,15728098
GrooganFox26,582094342
GregHurstKHOU,500391848
gregkellyfox5,44385628
abc7greg,32666018
GWarmothWFTV,249105428
GreggHersholt,22942739
GretchenCarlson,1487846678
gretchenrubin,14289835
newsGuy760,20506396
GuyLambertNews,346560437
gwenfox5dc,1911186420
HalaGorani,25333609
HaleyClawsonWx,466147209
HallieJackson,37590426
HannahONews,128801909
HCSOTexas,1115569892
HARRISFAULKNER,18313747
HarrisonNBC4,752624221172404224
HarveyWCVB,278173042
KDKAHeather,378513932
HeatherCatallo,93956767
HeatherHegedus,379194587
HeatherKTVU,1327837267
heatherorourke7,950890789
HeatherNBC12,20785755
HeidiMurkoff,179083387
HenryKIRO7,44192285
HilaryKennedy,15680571
HILLARY_MINTZ,488380976
holliesmiles,52034135
HollyLiveFox5DC,1725864385
hollyrilinger,14424278
hbwx,63149389
ChefHKeller,1117876604
Huelfox2,35098990
NBCian,41538528
idasiegal4ny,32782018
IGDCofficial,3298055858
IndraPetersons,312314261
InternJohnRadio,34239734
IrisABC15,994017068
chef_morimoto,190592520
IvoryHecker,78964894
jpdice_Fox6,17784896
jacelarson,18373162
JackDiamondShow,27866269
jackiedetore,22591468
JackieJohnsonLA,27178513
KHOUJackie,73716638
jquynhreports,129836379
JacquiJerasTV,21875245
abc7jade,395213284
jaketapper,14529929
jamesfordtv,20951281
funniestmanusa,292876958
JamesFOX45Now,1259987694
spann,15220806
JamieBollWBTV,327461294
JHolmesWFTV,447994591
JamieKaler,19600747
JamieQ13FOX,37978773
JWilsonreporter,1507805833
janjeffcoat,24167813
JanaiNormanTV,218647820
RealJanePauley,784096713053204480
JVM,39605560
janellewang,33830333
JaniceDean,111400999
JaredDillingham,32733098
JasonCarrTV,1239620390
jasoninthehouse,17800215
JasonNBCBoston,41729421
jasonjwilde,18964685
KnowlesABC7,16910090
JNNewtWBAL,17323546
JasonNweather,22847203
JasonOliveiraTV,282273168
simpsonwhnt,17439820
Jay_WAFB,40863682
ABC7Jay,63191700
JeanChatzky,18452614
nbcjeanelle,499532691
ABC7Jeff,27601711
JeffKIRO7,2570935531
jeffglor,41662642
Herndon32,21269193
JeffHogan10TV,19321965
JeffPassoltFOX9,1656011574
JenCarfagno,34903365
JenFrenchKOB,473436689
JenHatmaker,56596677
KREMjen,283293114
JennFredFOX29,44933687
JennaFox46,2327498808
JennaDinCLT,33254205
JennaHanchardK5,600992035
jenantkowiak,17014401
JBellamyTV,237367122
jennbisramtv,412549497
JenniferBroome,93306677
JenniferNBC4,4878583121
CrockettWDSU,2654064560
JenniferKielman,314779845
JennLahmers,160022929
news8jennifer,84689022
JenniferProfitt,221823738
JenRobertsNC,50652224
JennyDayTV,106871141
jeremyeisenzopf,138795228
JeremyHubbard,96699263
JRogalskiKHOU,377450833
JerodNBC4,14363660
Jerry10TV,19081254
jerrytaft,14078599
JesseKIRO7,2790369001
JessAguirreNBC,1268237648
donofrioABC7,575693884
jessicamreyes,216252276
Jstarrfox2,240234721
JillNicolini,21096570
TheRealeDeal,27302376
JillSimonian,219408508
JimCantore,21388284
jimdolan7,38197780
JimDuncanNBC12,97116752
Jim_Gardner,15898362
JimHandly,252681042
JimHeathTV,24091188
NYCinvestigates,56692110
jimsciutto,22129280
jimvance4,267912413
JoanLunden,20064866
JoanieLum,211264632
JoannaKIRO7,23445277
wxyzjpurtan,21757508
CBS58Jocelyne,331213033
JoDeeKenney,139228764
jodiewsb,70414365
RealSheriffJoe,44951059
Jbastianich,45828719
joebkgw,508112079
joeclair,31621681
pdxpeacock,19638248
JoeMurgo,42476618
JoeTalkShow,19737700
JoeKENS5,31019595
JoeRoetz,23033763
Joe_Stowell,217835912
joeterrell,19617094
JoelBrownABC11,157506702
joey3harrington,704890209675120640
joeysulipeck,23649923
JohnBerman,20522862
JohnCarterWBTV,125970786
JohnDawsonFox26,567696090
JohnDonnFOX26,575422517
JohnElliottTV,1969455858
JohnGarciaABC7,15488295
abc7johngregory,1623554539
JohnHoltNews,368540082
JohnHookfox10,1370567137
JohnJessupCBN,183212100
KnicelyKIRO7,43971852
JohnLeguizamo,34487135
JohnLomaxWKRC12,1468101146
JNolanWX,267170943
jpweather,111577681
JPaulWSOC9,1074990068
JohnRobisonKCBD,3085004867
JohnSnellFox8,207274913
JohnWaggoner,29300726
JohnnyIuzzini,147668753
_jonkelley,419659300
JonScottFNC,316580588
JonShirek,16385451
TVreporter,24065160
abc7jonathan,165105136
JonVigliotti,30688696
JordanLive5,2172711745
JoseGrinanFOX26,472156260
JoshKKTV,357597523
JoshEiniger7,389582305
JoshWeather,15872923
JoshPoland01,176888443
PDPIOJosh,85662642
abc7jovana,526641040
JovitaMoore,21656599
JoyNBCBoston,33166794
JoyceGarbaciak,1055548392
JoyceTaylorKING,37504289
NewsJuan,257087249
judefox10,34763028
DraftTheJudge16,989825148
JudiGatson,15985390
JudyHsuABC7,890987028
JuliaFello,38515532
juliabachison,17136234
JulieBanovic,16796839
juliebologna1,758449486762872832
JulieChang,39779068
JulieDurda,1314153752
KIRO7Julie,24207116
JulieGrantEsq,1389961118
KTVUJulieHaener,1416737641
juliemartin,169171481
JulieNelsonKARE,115513883
thejuliewright,32761866
ABC7Jummy,73279371
JungleJackHanna,36081866
JustinWeather,11996222
Justin_Biegel,966433195
JustinFarmerWSB,18952304
JymNBC4,14347328
kaceymontoya,21351688
KaciAitchison,26191204
kaciehollinsTV,41028523
kailanikm,18852393
WeatherKait,94092217
KaitlinCody,96300991
kaitlinmonte,26778374
KaitMcGrathNBC,358482180
Fox5Kaitlyn,46735715
kaitlynross1,21019917
KaityTong,36957327
KalaRamaTV,311010319
KarenBrownTV,1711156550
KarenKENS5,21122870
KarenFox29,33717365
KarenJordanABC7,952519075
KarenMintonWSB,549565058
karenrogers6abc,246288568
KarinMcCay11,727614391
KRayWFTV,960703016
KBartleyWHIO,172333841
katebilo,14400523
KateBolduan,20109439
kchappellnews,978573830
KatieGarnerTV,283679833
katenorthrup,79331974
KateSullivanTV,53373891
KatherineABC13,825002395318964225
kgnews,62040739
KathleenFOX5,36491863
kathrynjanicek,16889498
KathyBrockABC7,779042317
KathyMykleby,716668098
KathySabine9,858879240
KatieCorradoTV,24561638
Katie_Ferrell,80124896
KatieKimNBC,33607084
KatieMcCallTV,1283766950
KatiePavlich,48459553
KatieWallsWSB,241642996
KatrinaPierson,25429371
katymorganwx,112396470
Kayla10TVOhio,247906638
KaylaFOX46,32175389
KeelyChalmers,27726076
KeithCarson,106115722
KeithJones,627419447
KeithLeventhal,590293293
kmondayWSOC9,2527664784
KelceyFox9,27140592
KeliRabon,19089046
KellieBurnsNBC2,295631788
KellyAvellino,33019298
kellycass,23583214
KellyKIRO7,1421950832
KellyKOMO4,19045025
KellyRippin,436962820
SwoopefromABC2,460628514
ABC7Kellye,230033372
KenRosatoABC7,414068542
Ken_Rosenthal,90959399
KentEhrhardt,459927719
Kentwainscott,226444702
keristen_holmes,2469956282
KcharlesNewsNow,365953272
KerryHannon,76923829
KerryTNews,633474897
kdietzlocal4,23193243
KevinFrazier,22284074
KevinHarned,26606157
Kevin10TV,107191237
ABC7Kevin,41312893
KevinKIRO7,320325866
KevinReeceWFAA,37485554
KevinRothWx,629656316
kevinmd,11274452
KGWRodHill,569660424
ABC7Kidd,21036972
kimcunninghamwx,339445941
ABC4Kim,19917401
Kholdenfox8,250826187
KimInsley,18692955
WeatherKim,15105989
kimrussell7,260293048
ABC7Suiters,96230455
KimiEvansPPPB,109154183
kiptyn,43836019
kirkhawkins,42961636
kirstincoletv,125408014
KoriOnAir,505974882
RandyMcIlvoy,27457697
zavalacourtney,16281065
KPRCAmyDavis,43424692
AnoushahKPRC,535633228
KPRCBritta,2510935759
KPRCDominique,33602679
KPRCFrank,29244348
HaleyKPRC,61295210
Jen_BauerKPRC,274048921
JenniferReyna,424260012
JustinKPRC,860818170
KPRCkeithg,49517704
LaurenKPRC,703174194
conflenti,15453695
PhilArcher_KPRC,21965258
KPRCRachel,38031406
kprcrobert,19548143
KPRC2Sara,30349240
KPRCSofiaOjeda,77341283
SyanRhodesWESH,114443686
Kris_Carr,15620557
KrisKetzKMBC,21765964
KrisNBC,14763494
WBTVGoodNews,44661401
10NewsKeogh,19983868
KristenLuehrs,411782585
kristeNicoleFOX,2377628113
KColemanFox8,1559591150
KristiNBC5,250373881
KristiPowersFOX,480658623
klustout,22587869
KristinKaneNews,172891009
KristinSmithTV,22815663
KJohnsonTV,1967991931
KristySFox10,1119471194
Kristyn10TV,561489171
Kristyn_leon,347636005
KSLAWeather,41818861
AngelaSchilling,246445158
KyeMartinNBC,636901736
KylaCampbellDC,388297236
KylaGrogan,590256586
KyleHD,9908832
KylieEricaMar,30276642
LaneStone,29495278
LarryHogan,2987671552
LarryPotash,17780809
LSewardKHOU,113674377
LarryYellen,17739212
LauraBehnke,53527449
laurabenanti,780416875
LauraBetker,73132889
LauraBorchers1,1253369522
lauraevans_DC,17059095
LauraGarciaCann,107409628
LauraPodesta7,113061302
LauralPorter,20659086
ldemarcofox5,303394187
LFluker_WJTV,605943202
laurengilger,45910951
LaurenGlassberg,389588105
LaurenJonesWAFF,60420964
LaurenPettyNBC,190231615
LaurenScala4NY,16256478
SimonettiLauren,252668016
LaurenCBS4,257573181
LaurenYoung,19785281
LawrenceZarian,86373400
LJLiveTV,22068490
leahhopeABC7,23003861
abc7leanne,2321478247
LeeGoldbergABC7,121598314
redheadnewsgirl,20764535
leethomastv,47392385
LeezaGibbons,36220671
LeighBrock2,337734101
LenKieseTV,330476431
SenTaylor,54635428
abc7leo,2918383877
RealLeonHarris,2375549899
leslifoster,16223917
abc7leslie,575596284
LesterHoltNBC,25300308
ABC7Leticia,915553476
LewisHowes,14777649
LeynaNguyenTV,343523495
liamdutton,20481072
libertechan,263955214
LCJReviews,114947295
LilyJangTV,24736925
LinSueCooney,31534060
LindaWSB,417003912
lindawfox10,37345029
LindaYuABC7,17363645
lindsaycohen,61328496
LindsayLogue,18713798
LindsayShively,9852432
lindsayWRDW,2510833896
lindseybranwall,262181538
LindseyDFitness,306801369
LindseyFOX26,43365602
LindseyWSLS,37302566
LinhBuiWJZ,2187561072
LinziKIRO7,91913196
LisWiehl,28264799
lisabensonkshb,366316665
lisabreck,37010605
LisaChavarria,120128015
LisaEvers,24749214
LisaGHart,21382295
LisaKHOU,381721212
LisaWTOL,342355339
_LisaRobertson_,2993081224
LisaSpoonerTV,40381812
LisaTeachman,1375977096
LisaLive5,746342341
WatchLAeveryday,56813273
LizClaman,20707966
LizDueweke,21578875
lizfosterWSOC9,46288226
lizpalka,23023441
lizquirantes,762135822
LizReyesFOX8,250828588
KarenDrewTV,24026035
LoganSherrillTV,2303322370
RepLoisCapps,292990703
LonnieQuinnTV,259282548
abc7lori,292090221
LoriMatsukawa,39389232
LoriStokes7,389565872
LoriWilsonWISH,1525816070
LouCanellis,145726193
LOUISAGUIRRE,58812606
LourdesWGN,79807791
stoiawsyx6,705813006
LucyYang7,389812363
RealLyndaCarter,188061519
LynetteRomero,47701842
mackvbart,2584795638
Maddie_Gardner,284277683
MagdalenaDoris,1488975356
pix11magee,413172561
MaggieWZDX,2337391771
maggieKTVB7,15922161
Maggie_Vespa,406733783
MaggieWade,29345753
MalaryPullenTV,1129642622
MalikaDudley,23109988
WFXTMalini,62144220
MalloryABC15,3392215785
mandiwoodruff,15073513
mannymovies,16055866
abc7marc,18820634
marcclarke,16278789
abc7marccr,913664130
marcfox10,37311028
marcusleshock,20154627
MargotKimABC30,65418745
MariCockerell,634670207
MariaBartiromo,208155240
mariawsyx6,84928925
MariaKIRO7,60760196
twcMariaLaRosa,177569765
mariasearth,33912889
MariaSansone,15908473
MariaSantanaCNN,18171703
MarianneLyles,134296355
marwilliamson,21522338
mckennamarilyn,632438346
MarinaMarraco,123406653
MarionBrooksNBC,241269753
MarkArum,29210241
Mark_Baden,474414285
markchapin,26275791
TheDavenReport,63768433
twcMarkElliot,119464925
MarkGiangreco7,415243401
standupkid,8732322
MarkKriski,132298262
MarkNelsenKPTV,710222783737794560
ocktalks,34451959
KLTVWX,23717371
MarkSteines,23609308
MarkStrehlWx,1134486056
TrafficTeam9,61768651
MarkWrightKING5,24737373
super_markette,109146282
MarkSuppelsa,17050594
MarlaTellez,134934361
MarshallMcPeek,14345492
Martha4Congress,369044765
marthamaccallum,46681100
WxMartha,1600456964
MarthaSugalski,22777708
MSaltWFTV,39903024
martyconiglio,211274764
MHurstKENS5,338342743
MaryCalviTV,235161193
maryconwaymedia,395255068
MaryJoKilroy,15281574
MaryKingTV,113130918
MaryLeeSeattle,24730186
MLoosKATU,1015836109
MurphyPIX,182164838
Mary_Nam,274898227
Mary_Wasson,22756869
MaryEllenFox43,132969987
mattacklandfox5,16877032
Matt_NBC4,20102044
mattbrode,42613330
matternst34,68823780
mkibbe,24466578
matt_odonnell,16008571
MattPearl11,40921361
MattWalshBlog,1500129642
Zaffino,20651640
eastwx,15547936
Maureen10TV,22689414
MaureenUmehFox5,608419783
MaurielleFOX2,23457739
MaxFosterCNN,155954125
MayorGinther,4664670797
NYCMayor,19834403
MayorBowser,976542720
MayorMikeDuggan,822713107
MayorOfMKE,1022863572
McKinzie,57112794
MegGattoFOX8,285170350
MeganJDice,2382840965
MeganHenderson,269854738
meghanmongillo,22049027
fox5melanie,263964491
MelanieWJTV,2190451911
MelanieNews8,562929500
WISN_Melinda,110790365
MelindaFox26,581252916
MeliGaona,55064440
ChiConfidential,78697036
abc7melissa,109682938
melissamollet,260275260
MelissaRycroft,28259071
MelissaFox26,588352379
MelodyG_TV,372412116
MelodyMendezTV,222139848
GarofaloWX,247503175
MeredithNBC5,700077252
MattDiPirro_wx,79342249
WxManAJB,30589256
AllisonCroghan,169556588
AllysonRaeWx,325050734
A_PhillipsWX,39609231
NixonFirstAlert,277607791
Ash_Baylor,605325419
WHSVaubs,498343462
BraaadWx,1685972810
BCollarWHIO,298025508
BrittanyBWAPT,84250783
WX_BrittneyB,1075031431
MerlotsWeather,73506174
BSchuermanWBOY,378233995
FOX19Catherine,196766365
ChelseaWJZ,1618337582
edwardswxwxyz,252264686
CJohnFranklin,252212762
wxmanchris,2780477770
ChrisStillwx,29978369
ChristineWSOC9,795200935
CStiverNBC29,2386212590
CodyMatzFox9,238283677
ColinHackman,180790780
ConleyIsom,16937276
KOCOdamonlane,405970201
DanielleWBZ4,21306664
DaveSkutnik,167224590
EddieSheerr,43032348
gilsimmons,21689801
gregbobos,319131215
HaleyWebbWx,325636963
HallyVogelWXYZ,324024846
WeatherHx,289080296
HeatherSophiaTV,2470811395
MetJannaBrown,89624648
JasonDunning,303944623
JesseGunkel,1453271341
JesseWeather,160487766
NinjaWeatherman,476502840
JGonzalezNews12,717199310
WeatherJosh,836265560
JoshEachus,546758630
ABC7Josh,183665502
jloganwxguy,34959665
JustinTGee,186154648
Katie8NewsWx,249398002
KatieTheWXLady,1015576704
KeenanSmithWX,192893133
KeithMarlerFox9,204094003
WxKira,1356943782
KZontiniWHIO,2188487318
kylegravlin,55416784
LaurenCBS3,441006770
LisaVaughnFox26,1446268946
LyndsayWBTV,340064404
MalloryB_WMTW,183561912
MarioGomezWX,388955136
MarkRowlett,27730760
themahler,22654208
MVrydaghsWHIO,367195445
MBogowith,39183957
TweetsTheWx,39538956
ABC7Molly,2288784624
RachelFrank_CT,23805874
Rhonda_A_Lee,1011691412
RyanCoyle,29772383
RyanDavidsonWX,34988057
Ryan_Wichman,43343798
KOCOShelby,291161196
spencerstorm5,15507331
FrazierFox9,274909145
phaeton4kast,857249000
tkweather,117151408
TimBuckleyWX,595722578
13TimPandajis,59328756
IrishEagle,14900137
TyTheWeatherGuy,232913808
yakishk,39409240
MiaGradneyKHOU,19794905
michaelG4NY,90878730
MichaelLKelly,22734644
ReaganWorld,93241358
Michaela,534494917
MsMichelWright,294161256
MicheleBachmann,18217624
mcharlesworth7,260266028
GallardoABC7,22431195
MichelleLudtka,232680388
ABC7MichelleM,26892616
MichelleMerhar,61533498
MichelleKIRO7,22173094
MRelerfordNBC,117738709
mstarktweets,50286359
abc7michelle,1482978366
MichelleWTAE,34117110
MorningWXGuy,51052101
MikeBennerKGW,37155696
mikebettes,32567081
MikeJBouchard,66415679
MikeFirstAlert,23553100
MCampbellWHIO,594754663
MikeCaplanABC7,380512781
mikeclarkWTAE,24625821
MichaelBColeman,151943134
Mike_Colombo,69071652
MikeDavis10TV,19602537
VoteMikeDuffey,398797797
PoliticalEditor,54621739
MikeGalanosHLN,1301118895
mikehydeck,175384910
MikeyNoWay,23078191
MikeJanssenWX,3129051724
MikeFOX29,61181335
MikeMasco,125217296
mikewsyx6,15474717
mikeseidel,24111487
MikeKEZI9,2557470260
MikeTFox5,2673251988
mdrayer1,2738631782
MirandaLeahTV,2271933482
abc7miriam,718360129
MistyJRadio,111022935
MitchAlbom,75066625
mitchweber,17295354
mojointhemorn,15344545
MollyShenKOMO,27050469
NBCMonica,18199105
monicamoralestv,51087809
monicamoralestv,51087809
MonikaSamtani,259350007
MoniqueKIRO7,2576226805
mrgweather,295978715
MFeldmanNEWS,1467809412
margiepabst,26328422
NAlvarezWFTV,274019345
nancyodell,20611194
NancyParkerFOX8,242990427
NataliMarmion,23068857
NatalieFox32,429389717
KCRANatalie,543483223
NJovonovichWHIO,35565929
NatalieMNBC,208111365
NatalieTejeda,17499840
NatashaOnTV,375250613
NatashaFox26,400674042
NRobinFOX8,248830559
NatayHolmes,244325535
NateGriffFOX26,43214946
NateWimberly,1413896574
Nathan10TV,90419752
GovernorDeal,217416964
susanhogantv,38460810
NC5_MTorres,276794204
NC5_SophieNK,110893745
nealkarlinsky,20283059
realNDWalsch,40295615
NeimaNews,1613324618
NellyCarrenoTV,35648614
NickAllardKIRO7,39745601
NickBohr,226344326
NickCiletti,103215322
FOX46Nick,2434359152
NickMcGurkTV,18892945
WDAMNickOrtego,17635404
wxdude,38584206
nicolebrodeur,26179637
NicoleDabeau,61040197
NicoleDarin,127079598
NicondraNorwood,256550281
NikkiBurdine,18695901
nikkihaley,37666984
NikkiKrize,364469511
NimaShaffe,167589963
NinaBlackwood,283221826
NinaMehlhaf,41438392
njburkett7,18493809
NoheG,16254099
NPRMichel,22685638
nydia_han,16058854
OfficerNorman,317565934
OhioAG,18820392
TheOjinika,201338544
OlessaStepanova,41384361
OliverNorthFNC,280704663
oliviafecteau,40819997
OliviaMancinoTV,712444625546383360
KathyCocuzzi,295843747
PCooknewsKTVU,267809323
ReporterPam,32632540
parisjKOMO,242984239
PLMuse,28596349
PatBattle4NY,90926420
patcollins4,94093747
PatDooris,24785992
pattomasulo,17341768
patranya,703395594656751616
PatrickWDAM,3380807901
PaulGessler,28037697
Paul_Goodloe,351915951
PaulMeinckeABC7,800526102
PaulMireles,95887133
Fox5Wagner,259711925
paula_span,155634643
PeggyBunker,74873514
PeiSzeCheng4NY,14293654
pchristy11,72949538
wfaaweather,15937025
PeteFerryman,54611257
PeteSuratosTV,311218846
peterbuschTV,55360147
PeterVanSant,1921112438
philwsyx6,1081746054
PhilKeoghan,22832401
plipof,814534217702969344
SchwarzABC7,567401289
abc7phillip,32405178
PoojaOnTV,618278504
ABC7Q,2267195648
TheQonFox,18280310
RachelMyNBC5,60178758
RachelMcCrary,231746892
AnchorRAP,19409987
RACHELFOX5,182911334
R_Spangenthal,61003965
RAsaWFTV,599353468
RadioRose,1099388384
rajmathai,58065700
BabaRamDass,43464948
RamonaHolloway,101627442
RandiRicoWLWT,43670834
randypricewcvb,51029623
rshaver11,568805237
RWallaceFOX26,575649623
RaoulFOX5,18050271
Raphael4NY,33896484
rashivats,23031141
BaichwalABC7,19132985
RayCortopassi,94196663
TWCRayStagich,293989990
RCJeffrey,39168730
RebeccaRSolomon,202626150
reggieaqui,32453731
RekhaKHOU,270003956
WSAVReneeL,347428081
RepDavid,229197216
Jbrostoff,21859886
RepSteveStivers,211420609
salmoncongress,281796440
RhiannonAlly,24769192
RhondaFOX45Now,863514554
shelbykatu,22939015
rhondawalker,23769604
RichSegal1121,2819673220
richarddeitsch,25019638
RichardJordanDC,61567655
richardroeper,13820672
RSaenzFox10,36823417
SchlesCBS,1887365833
rickdamico123,27186085
litlbobaluNBC4,17856746
RickSteves,14837962
RishiBarran,322844345
RitaCosby,142339174
TheRitaGarcia,261479621
RobDunsTV,317953224
RobElgasABC7,455768446
abc7rob,1534760550
abc7robhayes,104559251
RobOnTheRun,93867771
Rob_Krieger,34623955
roblittlecomic,21359713
robmassonfox8,250826904
RobMayeda,22802715
abc7robmcmillan,913054760
RobKIRO7,44471265
RobNelsonABC7,2291870822
robwsyx6,2411531918
robwolchek,22061678
RobertFeder,44130462
nuzman9,15891809
RVWweather,325647688
RobinFox46,2327853662
RobinMeade,145745936
RMurdochFOX2,551078878
RobinSchwartzPR,181946453
RobynNBC4,221861488
RoeConn,59986919
RonEClaiborne,1291269834
RonHoonFox10,39816133
RonMagersABC7,382380425
ronrosseau,269093966
RonSavageEMT,194180566
khouron,325551119
RonicaCleary,33777803
RoseanneTellez,123954462
RossJonesDC,191603799
RSteinWPTV,330465870
rozvaronABC7,298501517
RucksRussell,34027651
russfeingold,16742806
RussKHOU,582184905
RussPtacek,196336073
russellkinsaul,48948631
RyanWCPO,2978340515
RyanLeckey,65177135
ryanobles,16625082
ryanvaughan,18497441
sabrinahall,32151813
Sabrinafox8news,250827908
SadeABC,31460850
SallyMacFox26,18315879
SeversonSally,487681588
SWigginWTAE,119225308
SamArgier,29211557
SamChampion,21232507
ABC7Sam,54261520
SamOnTV,101629378
SamanthaCortese,264688745
SDaviesNBC5,512403075
SamanthaKPRC,15153043
SamRobertsWX,2270215064
SamanthaWZTV,2543861036
SammiOnAir,274136123
samuelcnn,115522779
SandraBookman7,389557471
sandraendotv,67051145
SandraLee,45664779
CBSLAsandra,1284434634
SandyKenyon7,255256478
sara_gore,130582616
SarahArbogast,108650093
sarahbatistaTV,404150620
SarahBloomNBC12,62515922
SarahBuynovsky,580274654
ForganySarah,550376102
SarahFortnerWx,155927637
SchulteABC7,39278355
SimmonsFox5,19145536
sarahwroblewski,28888320
SarahBlakeWBTV,747441085
Scarlettontv,131320481
scottbudman,18703437
conantnyc,16262688
ScottNoll_KHOU,54103126
shannon955,216366580
SMargolisFOX2,1465054356
StephChuang,78406355
SHockridgeABC15,361537184
StephenStockTV,27921148
CasperABC15,431798205
SuzanneMalveaux,26083271
TamEdwards6abc,266031138
TamsenFadal,15466121
TarynAsherFox2,194575920
TerryFoster971,20657448
ChampagneDiet,39585030
TommyTranTV,366288001
vickydnguyen,62391729
WalterPerez6abc,247285439
wendi_redman,2616416569
yettagibson,34756304
ZainAsher,555825990
